Tm,Oz,Po7,Po4,Po3,P4,P3,Po8,Pz,Fz,F2,F3,F4,AF3,Cz,AF4,F1
5743.8623,79177.53,-19438.285,7317.6035,13464.289,175455.44,151382.17,44751.973,89530.99,-51493.01,42564.99,-4954.8457,-57237.363,15891.867,18592.875,12175.018,1593.4559
5743.8843,88350.7,-10324.159,17553.205,23900.79,185463.92,160852.08,54993.383,99094.02,-42216.434,52808.03,4906.409,-46908.176,224.0539,17812.354,-2655.365,10945.739
5743.9067,105454.17,8001.6113,33008.92,38817.34,187500.0,179354.34,72288.63,117655.37,-29483.316,69245.32,20968.24,-31507.242,498.66742,21868.098,-3079.5117,24696.69
5743.929,97156.95,-146.85097,23348.744,28902.438,187500.0,170874.14,62849.527,109074.86,-38091.6,59778.47,11875.795,-41149.586,18204.871,23270.09,13600.031,16095.67
5743.9517,80106.96,-18354.852,7856.7944,13941.498,176157.33,152455.72,45564.48,90571.84,-51088.133,43280.625,-4217.5283,-56671.04,18024.672,19202.988,14124.604,2099.5664
5743.974,85306.98,-13488.809,14500.202,20908.963,182487.25,157627.2,51781.348,95817.62,-44806.31,49706.168,1907.3862,-49945.8,2488.2634,17539.012,-451.3488,8217.351
5743.996,103750.25,6092.3257,31675.238,37618.84,187500.0,177467.02,70681.586,115737.13,-30461.943,67808.484,19543.316,-32814.24,-1448.0131,21101.031,-4808.2627,23539.965
5744.0186,100303.08,3104.4563,26501.973,32053.072,187500.0,174206.39,66189.414,112396.64,-35348.55,63075.305,15062.104,-37997.14,15727.716,23555.744,11173.861,18925.738
5744.041,81746.34,-16539.889,9124.608,15118.431,177579.92,154280.3,47125.773,92367.25,-50062.297,44762.297,-2771.8848,-55398.26,19710.797,19900.586,15627.267,3256.2693
5744.0635,82743.44,-16131.098,11862.361,18281.807,179866.73,154926.17,49030.297,93063.46,-47104.27,47040.613,-676.8779,-52590.168,5065.107,17430.047,2016.1945,5829.425
5744.0854,101354.79,3463.6487,29645.098,35703.027,187500.0,174844.27,68326.22,113077.79,-32064.896,65627.586,17402.129,-34818.676,-2665.334,20307.723,-5837.784,21753.97
5744.108,102987.27,5840.198,29302.379,34859.2,187500.0,177023.72,69082.4,115201.12,-32913.86,65932.86,17834.816,-35191.953,12761.125,23633.572,8313.508,21428.082
5744.1304,84044.58,-14049.233,11073.301,16959.7,179659.7,156797.4,49385.242,94855.95,-48450.223,46907.285,-662.9304,-53433.945,20875.793,20660.947,16616.242,5040.0503
5744.153,80727.94,-18174.764,9704.056,16099.269,177707.2,152825.6,46818.277,90906.336,-49029.18,44864.176,-2759.5242,-54760.164,7876.285,17491.447,4685.887,3871.3447
5744.1753,98336.26,198.55055,26971.113,33132.08,187500.0,171566.42,65293.51,109753.37,-34225.324,62778.76,14639.208,-37468.746,-3065.7207,19530.195,-6081.396,19399.17
5744.1973,104951.414,7790.88,31490.947,37079.02,187500.0,179051.3,71259.445,117210.52,-30966.154,68118.93,19973.945,-32995.02,9451.19,23475.076,5188.2646,23384.709
5744.2197,86944.805,-10950.366,13661.744,19441.996,182349.2,159938.98,52296.51,97973.6,-46253.34,49700.29,2098.4712,-50817.453,21338.988,21434.385,16930.799,7407.257
5744.242,79484.125,-19391.28,8228.214,14572.689,176261.75,151560.4,45381.71,89588.61,-50376.9,43421.35,-4110.0835,-56234.555,10679.619,17719.771,7331.395,2528.6084
5744.2646,95063.16,-3301.9338,23956.78,30210.04,187500.0,168039.19,61955.664,106176.58,-36700.63,59606.07,11571.767,-40451.543,-2656.1025,18844.176,-5572.8936,16735.266
5744.2866,106039.984,8814.813,32863.95,38512.906,187500.0,180144.58,72551.31,118286.2,-29702.744,69443.43,21267.082,-31609.523,6196.1494,23111.771,2137.3408,24606.12
5744.309,90159.01,-7542.5967,16620.578,22312.764,185336.89,163407.17,55576.61,101427.234,-43726.99,52854.613,5197.3174,-47833.45,21094.482,22157.486,16566.018,10087.433
5744.3315,78873.63,-19932.416,7336.156,13614.627,175426.64,150986.36,44599.98,88973.336,-51227.047,42602.18,-4864.567,-57124.645,13396.384,18085.691,9869.101,1703.6053
5744.354,91591.82,-6985.7695,20682.719,27015.234,187500.0,164318.25,58379.203,102410.625,-39414.04,56189.74,8265.161,-43695.965,-1538.5377,18254.246,-4411.9663,13822.967
5744.376,106196.85,8844.005,33370.707,39105.855,187500.0,180232.9,72888.555,118358.44,-29140.215,69867.414,21677.996,-31071.654,3094.2861,22561.271,-729.82916,25065.828
5744.3984,93663.83,-3860.616,19942.184,25564.16,187500.0,167160.81,59194.53,105172.41,-40875.152,56357.332,8634.39,-44481.582,20034.271,22800.793,15439.379,13083.84
5744.421,79052.38,-19638.557,7173.077,13372.088,175359.78,151257.9,44624.098,89209.46,-51459.33,42559.02,-4856.118,-57275.14,15927.473,18593.389,12211.63,1538.9847
5744.4434,88184.54,-10569.917,17381.79,23778.48,185345.4,160683.94,54827.223,98728.15,-42203.137,52773.88,4972.1235,-46971.5,263.59412,17810.877,-2616.92,10868.111
5744.466,105301.71,7764.572,32862.562,38714.363,187500.0,179197.61,72138.56,117300.76,-29441.586,69240.09,21062.967,-31542.648,490.33023,21863.807,-3084.5186,24629.344
5744.488,97059.33,-331.36462,23255.47,28847.207,187500.0,170771.38,62753.035,108774.5,-38011.715,59824.047,12019.45,-41134.97,18181.135,23271.318,13581.747,16073.988
5744.5103,80006.086,-18544.775,7752.658,13878.131,176085.5,152347.89,45462.8,90266.07,-51025.504,43310.04,-4091.9785,-56656.777,18036.094,19207.191,14133.388,2086.7588
5744.5327,85200.81,-13688.119,14382.767,20839.047,182408.6,157511.95,51671.824,95502.59,-44750.63,49718.46,2020.7988,-49925.82,2483.5024,17538.586,-455.39444,8207.583
5744.555,103702.51,5953.1416,31604.896,37598.297,187500.0,177412.8,70627.945,115483.89,-30357.09,67868.59,19713.324,-32735.047,-1491.7332,21109.525,-4846.3057,23570.273
5744.577,100294.38,3009.7966,26458.52,32061.566,187500.0,174196.4,66173.86,112189.42,-35223.984,63163.883,15266.556,-37887.37,15713.008,23578.408,11156.472,18980.588
5744.5996,81698.58,-16670.445,9035.872,15087.5625,177551.78,154232.38,47071.055,92122.85,-49976.355,44810.242,-2612.226,-55331.008,19745.71,19919.34,15657.531,3291.6296
5744.622,82649.23,-16308.905,11732.476,18212.338,179795.48,154829.73,48929.156,92771.43,-47057.176,47039.94,-569.5672,-52571.06,5104.8257,17441.535,2061.2107,5831.0117
5744.6445,101261.3,3286.623,29522.701,35639.637,187500.0,174747.89,68227.09,112788.87,-32009.531,65629.98,17511.832,-34799.004,-2677.7168,20309.668,-5842.433,21748.293
5744.667,102976.26,5752.579,29257.004,34869.973,187500.0,177015.0,69065.414,115003.39,-32793.785,66013.71,18019.264,-35101.426,12687.678,23638.156,8253.024,21481.28
5744.689,84071.04,-14089.4,11053.81,16994.121,179708.58,156831.94,49403.594,94705.1,-48317.12,47018.1,-456.91437,-53320.066,20858.94,20681.49,16604.307,5124.652
5744.7114,80750.47,-18213.344,9676.429,16124.973,177746.95,152858.19,46830.46,90756.805,-48917.668,44962.926,-2579.6597,-54662.58,7836.9463,17503.07,4663.4683,3950.0674
5744.734,98453.65,268.5115,27023.55,33233.78,187500.0,171701.69,65395.594,109711.016,-34048.656,62957.62,14886.554,-37296.684,-3166.214,19548.412,-6167.45,19544.166
5744.7563,105050.766,7856.012,31517.994,37151.105,187500.0,179174.77,71341.01,117162.305,-30833.496,68267.44,20186.152,-32861.824,9470.055,23514.482,5202.9053,23482.162
5744.7783,86901.086,-11028.955,13565.52,19393.805,182314.53,159915.4,52240.164,97782.65,-46254.055,49708.36,2164.543,-50826.64,21419.209,21452.535,17006.838,7375.495
5744.801,79370.07,-19545.506,8094.26,14478.991,176170.3,151457.4,45259.223,89323.19,-50429.312,43364.53,-4117.9067,-56304.74,10719.428,17717.805,7378.9595,2454.8699
5744.823,94956.695,-3453.0317,23851.123,30132.902,187500.0,167934.94,61839.48,105914.5,-36732.77,59560.207,11564.7705,-40508.785,-2687.7305,18832.129,-5590.641,16679.787
5744.8457,106073.266,8810.41,32900.0,38565.523,187500.0,180184.36,72575.47,118171.4,-29623.305,69532.48,21384.117,-31538.11,6064.498,23108.42,2020.3295,24666.559
5744.868,90285.47,-7440.0693,16740.295,22436.303,185464.92,163547.97,55688.77,101417.0,-43603.203,53020.574,5382.6133,-47695.676,21021.102,22182.678,16504.35,10212.646
5744.89,78933.58,-19891.893,7391.2754,13665.32,175484.16,151057.48,44637.53,88896.05,-51185.92,42690.85,-4761.9053,-57069.84,13414.534,18109.072,9896.794,1762.5692
5744.9126,91564.4,-7036.6646,20665.352,26990.76,187500.0,164293.3,58327.93,102239.516,-39450.855,56187.125,8271.554,-43732.285,-1520.1646,18257.488,-4382.7524,13805.086
5744.935,106197.68,8820.96,33391.023,39117.86,187500.0,180233.5,72870.0,118217.375,-29156.666,69889.3,21701.377,-31088.977,3044.2183,22558.79,-767.60364,25066.498
5744.9575,93723.84,-3818.6616,20022.447,25631.73,187500.0,167222.75,59238.562,105097.234,-40849.27,56438.156,8705.781,-44450.27,19982.818,22808.592,15390.474,13131.337
5744.9795,79090.05,-19617.1,7233.494,13415.383,175404.44,151293.22,44642.047,89110.46,-51460.02,42613.336,-4819.081,-57270.824,15929.172,18606.555,12214.715,1573.3617
5745.002,88178.84,-10594.034,17406.78,23783.174,185345.72,160668.25,54799.594,98580.9,-42242.92,52780.25,4954.2866,-47014.19,261.8954,17809.85,-2610.3933,10867.553
5745.0244,105363.086,7811.086,32955.3,38781.977,187500.0,179249.56,72179.805,117224.72,-29423.994,69310.01,21101.098,-31529.191,401.14676,21857.594,-3162.8167,24684.91
5745.047,97216.08,-177.4058,23434.822,28997.701,187500.0,170927.7,62890.523,108807.67,-37930.6,59984.465,12140.663,-41041.54,18111.709,23290.832,13513.038,16201.55
5745.0693,80119.56,-18429.148,7888.5117,13982.224,176207.81,152459.66,45551.492,90258.805,-51002.793,43417.484,-4029.103,-56619.113,18044.252,19227.865,14139.669,2168.812
5745.0913,85229.914,-13655.776,14445.888,20870.787,182453.14,157533.06,51676.316,95408.086,-44804.297,49741.844,1995.8767,-49975.016,2530.5083,17549.584,-408.00876,8216.858
5745.114,103667.305,5916.909,31625.752,37584.19,187500.0,177362.12,70575.22,115321.93,-30456.914,67834.21,19629.996,-32847.363,-1469.672,21099.848,-4818.1646,23528.162
5745.136,100299.37,3013.4846,26533.8,32095.004,187500.0,174184.05,66166.28,112068.54,-35284.8,63175.395,15224.892,-37960.105,15668.7295,23564.35,11123.101,18978.018
5745.1587,81730.55,-16638.326,9143.451,15149.254,177592.0,154245.89,47089.227,92030.41,-50025.887,44843.66,-2634.9802,-55378.883,19719.56,19914.287,15631.67,3314.3613
5745.1807,82649.78,-16308.347,11815.11,18248.1,179797.8,154806.78,48915.99,92645.26,-47139.316,47040.098,-625.4242,-52650.965,5116.1133,17439.367,2070.9785,5830.743
5745.203,101220.95,3240.7795,29570.89,35640.55,187500.0,174676.72,68175.26,112616.02,-32118.115,65591.375,17419.318,-34923.64,-2669.7148,20300.324,-5827.8154,21715.816
5745.2256,102965.86,5733.2,29337.203,34903.3,187500.0,176972.05,69049.26,114860.43,-32876.195,66006.76,17959.963,-35200.582,12656.184,23627.582,8219.876,21475.893
5745.248,84050.48,-14122.458,11119.1,17019.31,179681.39,156774.45,49378.38,94549.76,-48416.965,47000.668,-524.72955,-53426.93,20879.637,20678.65,16621.584,5116.9854
5745.2705,80600.8,-18386.145,9620.639,16039.634,177591.78,152657.42,46678.355,90460.35,-49124.13,44824.973,-2762.3406,-54883.926,7969.045,17500.768,4784.123,3844.5674
5745.2925,98123.71,-108.71889,26817.87,33009.703,187500.0,171299.22,65074.2,109214.0,-34379.508,62662.133,14548.147,-37678.45,-3034.0483,19514.639,-6038.7485,19307.752
5745.315,104843.23,7588.485,31445.172,37066.48,187500.0,178888.9,71155.35,116782.66,-31031.129,68113.12,19980.182,-33114.242,9355.4795,23459.676,5097.785,23383.28
5745.3374,86875.06,-11111.143,13643.64,19460.727,182297.58,159813.2,52230.53,97589.664,-46313.734,49728.008,2124.3767,-50913.855,21329.512,21444.443,16916.582,7442.5503
5745.36,79278.36,-19695.643,8085.051,14467.859,176063.83,151280.39,45176.027,89058.14,-50566.26,43316.05,-4227.028,-56463.414,10764.489,17718.61,7414.0073,2463.0283
5745.382,94764.984,-3712.312,23742.314,30034.02,187500.0,167648.48,61659.684,105540.2,-36948.98,59417.89,11363.448,-40769.004,-2619.9375,18815.879,-5531.0957,16605.826
5745.4043,105871.34,8531.191,32784.555,38467.31,187500.0,179881.72,72394.086,117780.38,-29837.033,69391.64,21183.576,-31813.193,6076.456,23083.139,2029.1584,24589.178
5745.427,90086.03,-7725.0537,16622.523,22345.912,185292.23,163243.12,55515.094,101023.586,-43820.082,52887.043,5189.807,-47971.67,21050.314,22160.258,16522.498,10142.328
5745.449,78676.96,-20244.424,7214.83,13530.249,175234.95,150684.94,44408.402,88434.59,-51449.83,42507.098,-5003.1924,-57394.273,13471.575,18078.047,9941.141,1655.7726
5745.4717,91298.48,-7407.1226,20483.006,26852.336,187500.0,163903.1,58091.336,101760.92,-39701.617,56007.348,8034.67,-44058.777,-1493.8789,18223.938,-4360.736,13709.801
5745.4937,105989.13,8503.117,33264.492,39030.33,187500.0,179899.52,72693.086,117794.64,-29345.025,69766.164,21525.805,-31364.393,3005.5498,22526.604,-804.75226,25029.574
5745.516,93559.914,-4092.135,19929.018,25577.684,187500.0,166934.25,59106.645,104721.21,-41015.88,56347.027,8573.101,-44683.934,19949.246,22783.693,15358.9795,13132.5
5745.5386,78894.51,-19926.604,7101.2163,13328.391,175200.86,150968.39,44478.027,88700.42,-51676.273,42478.332,-4984.9756,-57534.71,15940.861,18577.408,12219.587,1541.9128
5745.561,87953.07,-10939.86,17245.443,23666.52,185130.08,160305.8,54604.574,98135.984,-42478.82,52608.34,4761.8833,-47309.84,293.83606,17781.508,-2588.8687,10810.578
5745.583,105120.57,7442.036,32784.176,38648.67,187500.0,178863.77,71969.2,116759.945,-29655.94,69116.29,20896.244,-31851.482,427.49948,21825.764,-3147.2822,24611.46
5745.6055,96957.06,-570.0142,23259.65,28848.793,187500.0,170519.05,62665.82,108323.98,-38172.96,59773.887,11926.958,-41384.57,18117.855,23244.877,13513.574,16113.998
5745.628,79840.37,-18849.787,7720.3823,13818.877,175895.98,152022.38,45308.508,89751.29,-51268.02,43191.82,-4247.301,-56971.492,18054.445,19178.916,14146.956,2069.8386
5745.6504,84934.84,-14103.839,14288.554,20692.42,182127.0,157067.48,51415.785,94877.7,-45077.01,49496.934,1767.2407,-50340.69,2546.7131,17500.746,-397.0564,8107.0225
5745.673,103427.266,5515.9863,31530.824,37450.04,187500.0,176946.05,70367.27,114843.33,-30659.51,67642.44,19454.223,-33166.57,-1518.8235,21051.521,-4869.5737,23469.086
5745.695,100132.76,2683.9082,26503.135,32013.979,187500.0,173843.3,66030.61,111667.59,-35437.664,63046.695,15112.887,-38223.566,15616.539,23525.547,11062.304,18969.658
5745.7173,81523.08,-17013.521,9067.053,15019.01,177337.06,153859.27,46910.727,91588.65,-50244.914,44665.875,-2787.531,-55682.086,19737.352,19877.81,15645.461,3258.1692
5745.7397,82362.72,-16775.564,11663.767,18045.146,179470.3,154328.88,48656.71,92116.86,-47423.34,46785.71,-848.4499,-53018.785,5155.341,17392.719,2114.4526,5707.7417
5745.762,100953.76,2782.8818,29442.682,35460.58,187500.0,174211.88,67937.59,112104.8,-32350.55,65358.758,17213.727,-35270.52,-2706.26,20244.848,-5854.593,21617.133
5745.784,102779.695,5354.584,29282.193,34793.574,187500.0,176591.55,68894.695,114437.266,-33028.188,65849.85,17823.506,-35478.03,12579.629,23578.61,8153.313,21438.342
5745.8066,83883.195,-14483.171,11074.574,16919.6,179472.62,156416.11,49240.582,94152.91,-48579.418,46852.812,-650.27936,-53690.367,20822.953,20628.56,16557.3,5080.127
5745.829,80453.86,-18728.506,9588.698,15951.076,177391.9,152320.12,46554.19,90087.44,-49280.95,44688.113,-2871.9534,-55129.484,7919.3794,17457.852,4724.2876,3814.8396
5745.8516,98002.92,-426.02426,26805.285,32934.266,187500.0,170991.05,64971.445,108870.48,-34489.277,62542.15,14457.533,-37907.51,-3065.1394,19482.654,-6073.841,19288.44
5745.874,104719.02,7267.938,31426.643,36975.4,187500.0,178581.6,71046.68,116440.03,-31118.816,67981.84,19878.324,-33355.934,9344.125,23422.506,5086.9,23344.654
5745.896,86716.52,-11466.9375,13592.789,19336.295,182085.73,159477.39,52087.86,97218.71,-46437.004,49564.793,1997.9778,-51177.316,21315.988,21391.447,16902.725,7365.9062
5745.9185,79140.02,-20031.725,8051.7017,14366.986,175863.17,150972.83,45055.04,88714.7,-50682.27,43172.35,-4325.621,-56695.87,10721.529,17667.268,7373.707,2399.0352
5745.941,94682.04,-3990.0322,23754.205,29978.207,187500.0,167403.45,61591.22,105259.375,-36988.094,59324.844,11319.438,-40948.355,-2660.2825,18782.887,-5569.161,16585.531
5745.9634,105777.24,8244.262,32779.055,38390.49,187500.0,179629.31,72308.81,117492.375,-29838.195,69282.67,21126.043,-32005.06,6068.409,23050.037,2020.1506,24554.8
5745.9854,89970.41,-8031.451,16596.818,22249.91,185116.12,162973.3,55407.918,100720.63,-43840.133,52759.26,5115.5547,-48168.504,21014.688,22109.252,16485.328,10086.069
5746.008,78599.58,-20508.152,7228.241,13471.978,175080.52,150460.02,44341.125,88181.21,-51462.21,42412.953,-5038.732,-57541.797,13414.958,18033.322,9889.709,1624.726
5746.0303,91243.16,-7644.6772,20514.812,26808.816,187500.0,163705.97,58046.25,101538.86,-39654.277,55932.65,8017.772,-44180.996,-1521.4163,18197.25,-4378.9077,13691.763
5746.0527,105893.83,8225.308,33256.176,38942.664,187500.0,179662.0,72605.0,117534.04,-29223.81,69659.91,21465.365,-31522.621,3010.02,22494.73,-795.4092,24977.271
5746.075,93445.25,-4390.687,19906.6,25475.133,187500.0,166679.75,58998.684,104444.92,-40851.055,56239.695,8497.038,-44845.29,19921.441,22733.357,15330.973,13070.228
5746.097,78834.02,-20164.984,7133.649,13280.558,175063.25,150775.89,44427.516,88489.69,-51436.508,42441.85,-5000.4434,-57622.215,15874.924,18535.342,12159.372,1535.3638
5746.1196,87976.09,-11085.08,17351.86,23690.033,185072.6,160208.06,54635.914,98020.47,-41952.906,52668.47,4828.3794,-47297.566,211.84984,17763.492,-2658.0474,10881.701
5746.142,105181.01,7343.0625,32913.08,38690.94,187500.0,178811.78,72030.31,116689.695,-28694.857,69233.55,20991.82,-31767.059,378.12448,21825.943,-3178.9321,24719.645
5746.1646,96986.99,-692.34534,23345.639,28855.275,187500.0,170444.67,62693.36,108229.79,-37100.21,59895.01,11997.434,-41266.754,18099.506,23240.34,13502.086,16205.528
5746.1865,79849.336,-18985.484,7768.3716,13811.992,175824.42,151936.28,45318.453,89645.12,-50397.016,43321.414,-4185.275,-56827.88,18043.805,19172.188,14135.355,2151.4448
5746.209,84929.08,-14247.605,14311.219,20679.41,182053.81,156974.27,51410.332,94763.15,-44229.477,49631.69,1827.7245,-50188.52,2535.8057,17499.092,-402.73373,8188.472
5746.2314,103430.17,5389.2295,31555.723,37448.85,187500.0,176867.89,70360.99,114743.17,-29514.63,67806.43,19532.834,-32975.55,-1548.9089,21055.121,-4887.0977,23574.453
5746.254,100142.48,2574.4517,26530.38,32020.617,187500.0,173779.9,66022.695,111583.8,-34141.64,63248.04,15214.5205,-37974.164,15579.413,23530.219,11035.728,19100.037
5746.276,81525.625,-17123.156,9084.376,15020.508,177304.47,153795.19,46889.74,91504.31,-49162.844,44878.19,-2680.9802,-55411.25,19708.898,19881.074,15626.172,3389.5527
5746.2983,82378.88,-16862.938,11694.366,18063.988,179459.05,154285.1,48645.914,92053.27,-46434.723,47018.906,-716.9099,-52731.453,5118.17,17399.582,2078.131,5855.5093
5746.321,100995.16,2732.0093,29496.504,35501.973,187500.0,174200.83,67946.77,112074.17,-31120.76,65627.875,17385.209,-34946.46,-2733.5962,20264.941,-5877.4136,21793.8
5746.3433,102787.766,5278.4097,29304.748,34802.09,187500.0,176549.86,68864.36,114376.9,-31657.379,66106.89,17983.969,-35150.332,12596.639,23603.533,8175.575,21595.63
5746.3657,83822.31,-14625.953,11042.746,16872.08,179406.2,156304.95,49142.3,94022.414,-47445.65,47064.1,-531.85974,-53393.87,20854.156,20643.648,16595.074,5186.4766
5746.3877,80406.41,-18854.748,9588.563,15928.055,177347.95,152225.22,46475.45,89970.16,-48289.74,44922.83,-2722.4873,-54808.89,7889.2495,17466.658,4710.787,3941.4844
5746.41,98023.83,-475.6228,26879.113,32975.19,187500.0,170969.27,64959.086,108824.34,-33279.4,62846.87,14683.868,-37517.184,-3114.9167,19506.012,-6111.8164,19478.854
5746.4326,104698.21,7177.659,31461.31,36968.69,187500.0,178514.2,70982.35,116345.95,-29745.682,68252.21,20072.785,-32982.746,9361.403,23451.316,5107.173,23504.76
5746.455,86664.445,-11589.983,13612.839,19302.768,182025.88,159374.75,51993.49,97086.8,-45237.297,49812.9,2171.0474,-50808.734,21297.033,21406.469,16892.242,7501.0
5746.477,79113.266,-20127.434,8109.8164,14359.476,175834.17,150894.89,44989.727,88606.836,-49663.14,43443.08,-4124.411,-56306.324,10684.983,17687.004,7346.907,2551.2058
5746.4995,94666.73,-4072.9573,23831.05,29980.754,187500.0,167335.1,61537.91,105158.766,-35860.227,59604.64,11533.903,-40552.46,-2707.5786,18804.502,-5604.1636,16745.39
5746.522,105776.55,8176.782,32873.402,38401.977,187500.0,179573.88,72267.4,117401.61,-28489.422,69576.914,21354.164,-31582.902,6024.8457,23074.848,1987.0477,24725.143
5746.5444,89961.4,-8106.173,16696.395,22245.082,185094.53,162908.88,55356.176,100616.11,-42592.28,53048.27,5338.7817,-47738.188,20987.55,22135.717,16470.934,10247.023
5746.567,78567.305,-20606.455,7327.282,13439.746,175033.08,150370.25,44266.805,88045.05,-50455.934,42675.695,-4833.9897,-57135.707,13401.347,18058.87,9883.965,1762.5916
5746.589,91227.29,-7728.34,20648.52,26792.322,187500.0,163628.88,57987.6,101408.57,-38616.754,56195.1,8236.216,-43774.777,-1568.6902,18213.588,-4421.1978,13834.232
5746.6113,105961.94,8230.873,33477.168,39002.5,187500.0,179672.47,72629.164,117485.36,-27948.666,70001.33,21770.467,-31029.99,2920.4343,22521.709,-874.7132,25182.705
5746.634,93546.46,-4345.3354,20161.924,25548.336,187500.0,166712.83,59051.703,104427.29,-39640.195,56606.375,8834.036,-44321.098,19884.203,22777.39,15303.815,13285.341
5746.6562,78872.85,-20186.576,7338.9946,13276.6455,175057.31,150713.94,44411.42,88395.19,-50574.266,42723.82,-4730.0093,-57181.33,15900.539,18574.814,12195.492,1672.7152
5746.678,87934.516,-11199.298,17494.465,23611.29,184991.33,160033.55,54538.28,97826.64,-41382.516,52845.156,5017.0283,-46968.684,232.74873,17780.1,-2627.1348,10931.412
5746.7007,105192.54,7276.9233,33119.676,38673.46,187500.0,178677.8,71993.055,116542.31,-28220.06,69441.414,21235.344,-31419.266,295.66888,21831.084,-3249.8096,24804.178
5746.723,97118.16,-636.2648,23663.502,28935.428,187500.0,170423.66,62774.785,108200.88,-36638.355,60184.668,12345.405,-40850.812,18010.322,23270.402,13424.883,16368.585
5746.7456,79979.94,-18932.398,8078.3677,13858.216,175880.72,151896.89,45390.72,89605.17,-50025.26,43563.777,-3861.9792,-56462.52,18009.07,19204.42,14114.523,2286.3154
5746.768,85086.14,-14170.56,14640.505,20731.021,182113.14,156946.98,51508.992,94740.555,-43895.97,49861.56,2156.4739,-49836.57,2466.247,17521.71,-453.651,8321.354
5746.79,103672.734,5555.37,31953.74,37568.59,187500.0,176925.2,70554.2,114805.31,-29159.393,68086.52,19928.191,-32574.56,-1650.7434,21082.502,-4967.139,23748.908
5746.8125,100430.59,2792.493,26955.154,32162.953,187500.0,173883.27,66266.73,111689.48,-33798.05,63538.363,15633.614,-37565.754,15512.782,23566.385,10986.397,19275.564
5746.835,81823.234,-16890.186,9508.5,15146.817,177431.73,153901.61,47145.957,91614.8,-48853.023,45141.832,-2278.8276,-55031.605,19661.133,19913.887,15583.1455,3543.735
5746.8574,82648.17,-16657.838,12085.611,18147.719,179546.58,154354.81,48877.86,92126.02,-46182.75,47224.836,-362.34415,-52405.88,5137.012,17435.836,2096.3254,5961.9033
5746.8794,101058.56,2719.291,29704.084,35414.734,187500.0,174053.77,67989.29,111924.82,-31060.076,65627.43,17544.756,-34818.63,-2557.5315,20295.877,-5702.6904,21704.193
5746.902,102693.39,5085.1562,29395.184,34612.973,187500.0,176228.33,68771.375,114047.23,-31709.816,65962.55,18002.455,-35150.285,12643.823,23573.916,8237.602,21384.562
5746.9243,83802.125,-14760.064,11218.117,16759.36,179235.94,156042.97,49128.51,93751.4,-47420.656,46987.08,-454.65683,-53308.285,20817.41,20618.078,16567.023,5063.9224
5746.947,80374.98,-19013.715,9751.284,15799.621,177161.64,151945.3,46450.19,89674.22,-48280.17,44823.855,-2673.0676,-54720.914,7913.0986,17454.209,4740.0903,3814.683
5746.969,97982.92,-657.0072,27030.703,32848.637,187500.0,170685.5,64931.617,108509.45,-33275.555,62736.273,14720.726,-37420.848,-3141.9177,19482.676,-6121.897,19346.309
5746.991,104766.9,7105.8657,31712.453,36953.023,187500.0,178356.89,71072.27,116145.164,-29650.643,68250.94,20217.803,-32770.586,9269.851,23442.309,5033.2554,23465.041
5747.0137,86730.05,-11666.136,13849.432,19270.088,181938.88,159224.02,52076.637,96881.05,-45158.215,49800.113,2301.3806,-50606.52,21323.766,21421.086,16924.494,7450.351
5747.036,79071.336,-20321.916,8246.564,14224.517,175641.23,150636.39,44964.74,88280.43,-49676.887,43321.797,-4105.099,-56203.887,10747.927,17684.389,7408.7993,2411.4404
5747.0586,94647.44,-4252.553,23992.63,29879.055,187500.0,167102.5,61538.066,104850.72,-35843.06,59506.9,11577.131,-40417.164,-2746.9624,18787.0,-5632.7295,16635.062
5747.0806,105948.52,8198.485,33205.258,38476.61,187500.0,179551.4,72458.98,117298.07,-28313.781,69664.22,21579.85,-31264.457,5882.264,23078.736,1863.2192,24776.553
5747.103,90203.76,-7999.2197,17062.137,22357.49,185160.27,162974.62,55610.605,100593.6,-42384.184,53192.258,5617.7983,-47371.28,20982.969,22181.201,16469.973,10343.74
5747.1255,78670.945,-20639.154,7540.5625,13414.377,174967.83,150293.45,44380.285,87880.49,-50384.074,42676.883,-4698.851,-56914.07,13500.7,18091.705,9980.077,1731.6567
5747.148,91234.26,-7865.221,20767.23,26695.74,187500.0,163436.42,58009.28,101141.22,-38617.76,56109.785,8281.88,-43635.836,-1511.8944,18219.914,-4357.942,13732.935
5747.1704,106037.86,8162.7676,33658.91,38986.676,187500.0,179541.16,72725.79,117291.15,-27884.494,69986.24,21880.414,-30820.107,2854.072,22518.668,-919.55084,25150.898
5747.1924,93689.64,-4340.731,20390.514,25587.697,187500.0,166655.69,59211.855,104305.555,-39531.926,56651.637,8995.729,-44057.168,19896.273,22808.838,15321.675,13311.022
5747.215,78883.31,-20320.465,7436.046,13195.732,174924.0,150529.72,44437.46,88135.15,-50583.117,42642.617,-4703.232,-57047.285,16018.221,18598.977,12308.436,1590.9078
5747.2373,87816.79,-11473.195,17483.445,23439.113,184769.55,159720.56,54443.664,97431.414,-41483.41,52656.418,4930.773,-46937.86,359.84076,17782.691,-2508.1118,10761.829
5747.26,105012.81,6928.169,33066.14,38475.938,187500.0,178299.84,71845.46,116078.71,-28349.992,69211.7,21107.201,-31424.43,377.52097,21817.293,-3167.7788,24605.182
5747.2817,96933.33,-999.9276,23615.268,28755.742,187500.0,170040.34,62627.89,107729.445,-36755.48,59966.516,12222.337,-40846.05,18058.625,23255.27,13478.75,16189.167
5747.304,79791.555,-19310.545,8030.311,13685.102,175619.19,151506.81,45239.105,89124.39,-50132.37,43354.742,-3987.909,-56452.84,18049.416,19194.16,14164.01,2128.4001
5747.3267,84875.91,-14582.256,14574.164,20545.055,181849.6,156529.4,51331.363,94231.766,-44014.188,49640.68,2007.9913,-49842.336,2517.1196,17509.82,-401.5938,8160.5103
5747.349,103453.17,5127.3115,31883.78,37386.895,187500.0,176495.83,70369.24,114287.625,-29278.596,67868.92,19776.133,-32582.451,-1628.8387,21062.229,-4950.286,23594.637
5747.3716,100262.71,2414.5698,26937.541,32037.18,187500.0,173508.23,66135.836,111230.195,-33871.92,63384.094,15536.8545,-37521.652,15513.855,23558.293,10987.224,19178.781
5747.3936,81611.3,-17319.205,9449.044,14981.66,177175.36,153478.55,46966.113,91110.14,-48963.89,44954.812,-2416.939,-55027.312,19740.906,19916.814,15664.572,3423.5945
5747.416,82390.28,-17143.877,11988.895,17947.76,179245.69,153877.11,48647.074,91570.41,-46322.227,47001.117,-547.3719,-52441.395,5151.988,17414.133,2125.8967,5818.3604
5747.4385,101044.22,2484.0613,29826.975,35427.94,187500.0,173826.36,67993.05,111624.14,-30986.896,65634.16,17580.117,-34630.94,-2794.728,20267.512,-5917.915,21783.43
5747.461,102953.81,5154.2007,29738.305,34833.562,187500.0,176299.28,69037.36,114049.33,-31451.229,66212.37,18275.973,-34745.094,12499.632,23623.201,8097.344,21668.072
5747.483,83987.02,-14749.09,11461.662,16878.562,179284.48,156047.8,49313.36,93690.38,-47276.47,47141.24,-273.0042,-53025.535,20861.443,20676.125,16613.023,5241.462
5747.5054,80449.09,-19108.865,9885.261,15810.193,177086.98,151826.58,46525.402,89502.58,-48242.91,44857.72,-2608.2476,-54580.234,7969.2017,17481.926,4793.6,3882.7664
5747.528,98025.01,-779.87476,27140.674,32834.69,187500.0,170519.14,64984.3,108308.82,-33257.293,62741.637,14756.6455,-37322.812,-3135.2346,19495.082,-6115.9517,19395.012
5747.5503,104887.53,7071.332,31898.018,37012.613,187500.0,178264.42,71218.38,116032.49,-29575.809,68329.375,20322.81,-32616.27,9206.64,23455.43,4974.0684,23576.576
5747.5728,86906.266,-11636.476,14072.457,19366.424,181923.36,159177.33,52284.152,96829.21,-45056.246,49918.465,2443.694,-50428.266,21295.604,21447.326,16896.71,7604.69
5747.5947,79185.914,-20353.635,8397.617,14249.416,175536.23,150507.02,45114.004,88163.15,-49639.18,43367.73,-4034.3335,-56104.535,10801.95,17709.043,7461.259,2518.7734
5747.617,94652.18,-4400.187,24042.006,29806.076,187500.0,166845.2,61593.387,104622.1,-35894.223,59446.055,11541.972,-40425.08,-2683.2825,18791.516,-5568.96,16663.203
5747.6396,105934.51,8027.495,33246.387,38402.2,187500.0,179266.61,72522.836,117056.4,-28376.232,69593.5,21531.973,-31285.646,5890.847,23072.275,1874.842,24804.246
5747.662,90221.62,-8144.998,17130.467,22314.598,184955.17,162708.64,55721.043,100386.72,-42419.523,53151.71,5598.598,-47365.383,20973.156,22180.264,16462.797,10420.004
5747.684,78698.62,-20782.564,7605.4497,13370.434,174725.16,150023.23,44502.727,87679.375,-50413.734,42634.86,-4721.203,-56907.742,13503.874,18092.531,9984.212,1838.7887
5747.7065,91247.805,-8029.775,20808.225,26631.232,187500.0,163153.98,58124.66,100922.22,-38659.6,56048.34,8239.747,-43645.785,-1494.0354,18221.457,-4339.301,13842.592
5747.729,106039.9,7982.076,33685.105,38911.863,187500.0,179256.6,72844.25,117060.914,-27934.295,69918.78,21833.207,-30836.268,2887.1526,22522.178,-889.5324,25257.518
5747.7515,93691.09,-4525.8486,20411.771,25514.203,187500.0,166380.69,59341.473,104074.17,-39577.746,56588.65,8953.461,-44070.086,19896.43,22803.832,15321.876,13434.472
5747.774,78930.14,-20461.771,7487.2983,13157.332,174645.62,150307.17,44614.152,87947.1,-50588.48,42617.87,-4706.9424,-57021.535,15993.791,18596.586,12286.106,1776.3156
5747.796,87917.125,-11559.25,17568.94,23434.352,184538.7,159559.25,54672.816,97296.5,-41445.97,52675.33,4972.146,-46868.457,316.34427,17787.027,-2549.5967,10998.534
5747.8184,105191.49,6927.99,33210.086,38527.28,187500.0,178229.39,72153.18,116026.81,-28256.293,69299.016,21215.494,-31291.705,307.78354,21831.486,-3235.3928,24892.625
5747.841,97177.09,-923.2612,23803.58,28847.162,187500.0,170048.75,62998.93,107748.33,-36627.004,60102.594,12381.034,-40665.805,18009.338,23281.31,13425.776,16516.463
5747.8633,80009.1,-19250.822,8180.8276,13739.528,175433.14,151499.17,45581.938,89119.805,-50045.58,43450.207,-3864.7734,-56302.75,18076.506,19223.932,14179.053,2432.965
5747.8853,85000.76,-14611.626,14638.471,20516.31,181580.81,156434.19,51586.71,94133.46,-44004.598,49645.082,2046.3693,-49769.0,2585.4934,17528.014,-338.5619,8388.967
5747.9077,103544.55,5062.76,31925.69,37337.387,187500.0,176370.38,70599.96,114151.86,-29283.2,67849.19,19792.74,-32523.666,-1607.7833,21068.645,-4924.939,23788.492
5747.93,100392.04,2388.8206,27018.477,32028.105,187500.0,173428.5,66410.43,111133.28,-33843.426,63399.605,15587.951,-37423.125,15500.243,23566.586,10971.667,19399.305
5747.9526,81730.81,-17355.168,9517.239,14961.275,176888.89,153393.83,47230.043,91001.805,-48945.492,44954.926,-2379.1423,-54937.305,19759.748,19927.52,15679.503,3647.1118
5747.9746,82466.164,-17227.205,12015.762,17889.02,178919.53,153749.1,48865.965,91413.766,-46332.016,46959.965,-547.6401,-52383.082,5201.296,17425.396,2173.3943,6015.1006
5747.997,101107.78,2382.8079,29848.5,35366.543,187500.0,173688.19,68201.45,111453.87,-30993.29,65588.6,17573.701,-34570.305,-2783.284,20272.766,-5911.031,21964.97
5748.0195,103079.586,5115.6216,29818.75,34833.16,187500.0,176233.66,69304.65,113948.21,-31398.322,66234.21,18331.807,-34615.43,12477.75,23636.97,8067.482,21900.262
5748.042,84122.984,-14776.762,11543.425,16882.361,179050.77,155998.69,49578.72,93603.9,-47218.8,47172.375,-209.92758,-52887.582,20873.893,20698.723,16625.295,5492.6284
5748.0645,80540.56,-19184.258,9920.957,15775.28,176819.16,151736.8,46735.242,89372.625,-48222.973,44845.223,-2589.6062,-54484.21,8002.93,17498.086,4833.878,4103.534
5748.0864,98085.85,-890.78406,27148.072,32780.645,187500.0,170402.75,65155.156,108149.34,-33252.22,62709.203,14752.443,-37245.074,-3116.258,19502.838,-6097.355,19582.79
5748.109,104987.69,6999.851,31942.52,37003.227,187500.0,178195.9,71420.54,115919.01,-29530.055,68344.62,20362.418,-32491.076,9187.797,23465.89,4956.6787,23789.477
5748.1313,87026.09,-11684.084,14128.762,19373.734,181754.08,159138.7,52492.203,96744.26,-44996.3,49951.523,2500.8027,-50285.883,21297.705,21466.125,16895.035,7838.891
5748.154,79282.805,-20419.66,8426.898,14235.044,175352.0,150451.81,45281.285,88058.26,-49600.355,43374.523,-4003.3315,-55984.66,10809.394,17721.582,7469.7075,2733.9314
5748.176,94751.87,-4449.7188,24075.646,29800.867,187500.0,166799.64,61749.066,104518.68,-35851.64,59456.09,11565.71,-40299.797,-2692.1335,18798.332,-5571.016,16861.844
5748.198,106070.97,8034.826,33317.13,38438.008,187500.0,179269.22,72701.42,116993.81,-28300.707,69646.11,21583.314,-31120.0,5856.6045,23083.295,1849.7858,25009.793
5748.2207,90366.3,-8108.6094,17210.016,22361.982,184890.03,162731.45,55893.043,100337.836,-42344.914,53211.637,5645.6484,-47196.203,20960.215,22193.674,16452.627,10618.778
5748.243,78794.24,-20777.668,7640.9893,13378.369,174624.45,150005.48,44612.273,87582.37,-50382.51,42646.75,-4729.2046,-56785.414,13524.46,18100.78,10013.828,1990.7134
5748.2656,91300.445,-8052.7075,20812.291,26613.53,187500.0,163100.66,58181.816,100783.98,-38654.996,56026.816,8188.539,-43555.887,-1500.3833,18218.148,-4340.083,13946.64
5748.2876,106126.266,8009.3677,33730.367,38940.99,187500.0,179248.39,72928.336,116965.516,-27897.123,69935.61,21808.465,-30711.857,2824.7688,22515.605,-952.65375,25369.543
5748.31,93836.336,-4419.7,20511.371,25601.197,187500.0,166444.53,59476.633,104050.48,-39499.426,56660.848,8975.656,-43897.35,19832.303,22808.973,15259.671,13581.591
5748.3325,79061.766,-20349.744,7569.5977,13230.378,174645.33,150367.22,44725.953,87917.64,-50530.656,42672.367,-4707.3223,-56869.566,15968.3545,18603.672,12262.1455,1904.6816
5748.355,88019.14,-11459.338,17624.486,23486.342,184522.66,159599.84,54750.44,97245.11,-41413.36,52699.516,4936.8076,-46746.797,307.58237,17790.717,-2548.6802,11091.405
5748.377,105285.125,7035.7705,33262.01,38581.33,187500.0,178273.02,72223.12,115978.04,-28225.984,69322.82,21172.021,-31171.186,281.94492,21829.967,-3252.4917,24967.502
5748.3994,97270.836,-800.93005,23858.252,28907.959,187500.0,170102.2,63069.492,107711.38,-36596.67,60133.082,12338.253,-40548.3,17998.05,23283.008,13413.975,16587.877
5748.422,80049.29,-19172.88,8187.802,13757.633,175392.4,151502.02,45597.137,89033.555,-50055.617,43435.03,-3955.4766,-56244.746,18082.43,19218.545,14189.737,2464.4587
5748.4443,85057.22,-14507.869,14666.791,20560.143,181569.02,156458.56,51617.02,94067.48,-43995.297,49649.105,1972.1838,-49700.625,2544.3215,17524.125,-375.95636,8436.89
5748.467,103607.445,5181.671,31960.111,37389.598,187500.0,176407.36,70631.61,114097.61,-29266.637,67856.9,19719.18,-32457.236,-1621.8873,21072.354,-4938.5513,23833.197
5748.489,100420.65,2478.317,27021.695,32051.238,187500.0,173432.17,66401.53,111044.695,-33849.145,63375.53,15482.406,-37391.074,15497.2705,23559.723,10970.035,19415.084
5748.511,81778.31,-17239.117,9543.212,15008.259,176894.31,153420.78,47239.543,90934.164,-48930.027,44954.3,-2460.4578,-54886.676,19735.229,19921.283,15651.72,3687.6135
5748.5337,82532.99,-17081.828,12060.688,17956.521,178949.6,153801.38,48895.246,91369.195,-46304.08,46977.98,-607.90045,-52317.746,5191.5283,17429.465,2153.68,6071.136
5748.556,101141.625,2501.9204,29862.312,35406.754,187500.0,173709.5,68197.09,111376.46,-30994.541,65574.85,17482.998,-34537.98,-2768.8225,20274.219,-5892.926,21984.686
5748.578,103072.66,5197.34,29798.99,34841.406,187500.0,176213.12,69261.51,113827.96,-31429.705,66183.83,18206.012,-34620.258,12491.81,23626.867,8086.7495,21884.684
5748.6006,84118.9,-14688.271,11532.696,16897.338,179025.72,155981.62,49542.977,93485.7,-47242.582,47125.973,-328.95065,-52887.516,20847.652,20680.371,16588.996,5489.8345
5748.623,80582.85,-19040.336,9954.261,15831.606,176838.2,151769.53,46748.07,89302.35,-48205.203,44844.844,-2661.4448,-54439.22,7957.132,17487.514,4776.0986,4148.3496
5748.6455,98157.16,-706.0916,27204.287,32858.76,187500.0,170469.12,65196.33,108111.03,-33219.742,62726.06,14697.279,-37183.09,-3139.2803,19501.295,-6123.5063,19639.719
5748.668,105043.79,7180.945,31982.262,37064.67,187500.0,178249.89,71445.164,115867.04,-29513.826,68343.97,20286.98,-32447.96,9179.75,23462.09,4948.52,23825.463
5748.69,87075.2,-11497.067,14163.72,19431.178,181768.9,159186.69,52510.863,96685.4,-44984.34,49955.66,2418.7495,-50253.965,21288.025,21461.318,16883.97,7874.877
5748.7124,79344.2,-20209.041,8473.055,14305.698,175379.95,150514.53,45313.85,88012.5,-49576.484,43406.977,-4072.2866,-55951.2,10816.077,17726.12,7473.1724,2787.218
5748.735,94792.81,-4257.4263,24101.842,29853.104,187500.0,166842.9,61762.812,104453.1,-35844.805,59479.562,11481.9795,-40293.45,-2670.944,18802.355,-5552.8887,16895.236
5748.7573,106098.59,8211.048,33333.47,38481.527,187500.0,179299.73,72704.58,116913.95,-28304.283,69665.0,21493.326,-31132.607,5864.5166,23081.082,1853.6526,25027.674
5748.7793,90411.625,-7916.1387,17242.291,22421.885,184901.7,162779.69,55914.453,100275.16,-42332.953,53252.562,5577.766,-47197.88,20957.354,22194.076,16445.61,10654.026
5748.802,78842.45,-20583.924,7673.1084,13437.892,174636.58,150055.95,44633.953,87521.7,-50366.91,42694.16,-4787.7666,-56788.227,13531.724,18106.77,10014.275,2034.7687
5748.824,91346.69,-7863.053,20842.266,26669.164,187500.0,163148.03,58200.992,100720.83,-38637.273,56077.176,8133.9116,-43559.93,-1490.6156,18227.135,-4326.828,13991.119
5748.8467,106208.02,8236.461,33795.613,39028.965,187500.0,179335.84,72986.21,116941.83,-27850.564,70026.85,21792.46,-30682.129,2803.8923,22529.15,-964.0084,25438.074
5748.869,93922.5,-4186.8394,20577.643,25687.475,187500.0,166538.98,59537.297,104034.12,-39453.336,56757.652,8965.934,-43867.336,19857.113,22831.436,15282.984,13648.557
5748.891,79078.94,-20189.729,7570.782,13253.266,174626.67,150388.27,44716.523,87828.68,-50540.402,42705.535,-4775.2495,-56903.05,16032.549,18619.854,12321.399,1917.6904
5748.9136,87997.77,-11344.003,17598.268,23483.236,184469.14,159575.08,54703.996,97112.766,-41444.316,52705.168,4842.9307,-46806.277,317.41714,17789.107,-2537.8618,11082.487
5748.936,105338.7,7225.9614,33312.84,38652.113,187500.0,178324.86,72253.43,115923.66,-28192.01,69403.53,21152.396,-31158.713,221.39403,21830.48,-3309.1982,25021.258
5748.9585,97403.61,-528.1941,23977.924,29041.576,187500.0,170240.3,63174.164,107743.1,-36503.664,60288.94,12394.579,-40466.785,17949.703,23303.348,13372.691,16698.004
5748.9805,80140.53,-18943.463,8260.602,13840.268,175442.31,151598.31,45653.508,89022.58,-50008.098,43542.14,-3941.976,-56213.387,18126.887,19244.43,14227.958,2529.2341
5749.003,85019.49,-14417.68,14621.327,20528.312,181496.23,156415.56,51543.637,93917.81,-44054.53,49627.51,1863.1521,-49793.406,2629.1018,17528.908,-294.70776,8391.091
5749.0254,103584.984,5283.662,31944.197,37391.03,187500.0,176377.42,70582.55,113963.57,-29298.355,67862.266,19633.953,-32522.525,-1671.4412,21055.188,-4983.2324,23808.117
5749.048,100538.51,2732.2327,27138.014,32182.398,187500.0,173554.33,66499.7,111065.15,-33765.125,63525.805,15537.012,-37320.465,15415.44,23574.207,10892.721,19506.904
5749.0703,81851.445,-17025.168,9603.808,15082.042,176932.45,153497.77,47287.53,90910.61,-48895.83,45051.22,-2457.485,-54870.07,19772.31,19947.48,15689.338,3733.6357
5749.0923,82491.29,-16987.975,12015.829,17925.9,178875.88,153753.25,48826.09,91220.805,-46362.953,46960.457,-718.74274,-52409.812,5237.6396,17427.006,2203.9717,6023.3037
5749.1147,101119.79,2616.2495,29848.053,35405.836,187500.0,173679.02,68154.94,111247.23,-31021.854,65586.57,17397.346,-34600.188,-2821.8855,20257.902,-5937.0483,21963.406
5749.137,103188.98,5461.6045,29915.062,34966.266,187500.0,176329.75,69361.89,113847.61,-31345.729,66331.64,18250.135,-34554.656,12378.508,23633.238,7982.3667,21971.564
5749.1597,84232.42,-14419.424,11631.088,17001.922,179098.25,156097.31,49632.855,93504.37,-47175.06,47263.125,-296.98764,-52837.715,20839.986,20709.229,16595.59,5562.701
5749.1816,80586.76,-18884.477,9947.689,15831.137,176802.28,151765.23,46721.92,89201.15,-48233.5,44870.21,-2740.19,-54498.27,8010.932,17499.582,4845.0317,4125.752
5749.204,98115.94,-598.49036,27168.568,32828.766,187500.0,170412.45,65129.72,107959.8,-33269.5,62717.207,14581.831,-37273.46,-3131.01,19492.69,-6105.357,19588.488
5749.2266,105085.3,7374.02,32031.793,37118.582,187500.0,178280.44,71467.79,115804.66,-29488.547,68422.76,20256.023,-32453.37,9117.232,23460.75,4893.423,23844.44
5749.249,87162.78,-11257.546,14248.701,19515.13,181822.03,159266.42,52575.06,96671.81,-44928.84,50063.797,2426.0808,-50218.54,21265.586,21475.088,16865.688,7928.3647
5749.2715,79391.77,-20011.92,8516.484,14343.718,175390.62,150550.88,45332.78,87955.86,-49559.16,43455.84,-4108.653,-55949.21,10822.47,17734.076,7482.046,2808.0273
5749.2935,94816.06,-4087.5977,24125.043,29870.404,187500.0,166854.0,61756.04,104371.85,-35842.633,59496.348,11424.67,-40302.86,-2670.229,18807.072,-5549.5586,16896.69
5749.316,106149.64,8409.531,33385.125,38528.957,187500.0,179342.42,72727.914,116867.86,-28273.57,69707.984,21469.098,-31102.588,5835.1245,23087.654,1832.5973,25051.412
5749.3384,90484.695,-7694.7896,17310.486,22486.236,184937.19,162848.12,55959.45,100257.59,-42287.582,53310.79,5573.7207,-47145.082,20949.33,22209.299,16438.568,10696.093
5749.361,78862.125,-20420.242,7687.57,13449.671,174619.81,150066.62,44623.023,87449.87,-50366.64,42694.137,-4845.0986,-56785.098,13572.226,18118.906,10054.553,2036.0427
5749.383,91311.75,-7758.403,20811.197,26637.938,187500.0,163100.28,58137.918,100593.42,-38672.453,56023.71,8028.769,-43601.46,-1459.9937,18224.295,-4297.9497,13950.506
5749.4053,106202.016,8370.974,33799.01,39034.016,187500.0,179317.83,72958.086,116847.836,-27847.973,70006.625,21721.225,-30685.014,2771.147,22521.64,-992.84216,25427.234
5749.4277,94001.38,-3959.835,20657.797,25765.594,187500.0,166611.56,59594.582,104032.734,-39383.598,56815.117,8969.756,-43792.03,19799.98,22839.438,15231.619,13711.477
5749.45,79170.11,-19945.447,7652.5225,13328.547,174683.5,150475.53,44779.195,87841.16,-50467.87,42767.832,-4769.3486,-56822.67,16018.355,18634.785,12307.676,1992.971
5749.4727,88038.5,-11146.928,17628.33,23508.738,184476.22,159611.55,54713.562,97073.36,-41418.613,52712.523,4790.5156,-46778.582,348.08374,17800.172,-2503.552,11109.242
5749.4946,105342.9,7390.3364,33314.74,38653.367,187500.0,178326.16,72230.875,115848.58,-28189.416,69381.16,21064.822,-31158.223,223.24922,21829.52,-3297.3293,25015.246
5749.517,97431.99,-331.49875,24006.244,29073.584,187500.0,170270.56,63181.543,107696.07,-36477.65,60293.453,12328.194,-40439.383,17930.771,23306.277,13362.879,16720.959
5749.5396,80171.445,-18738.408,8285.367,13874.577,175445.34,151631.53,45660.793,88978.39,-49979.754,43546.164,-4013.4568,-56185.83,18120.627,19252.207,14228.719,2566.3828
5749.562,85031.36,-14228.249,14624.389,20543.512,181477.9,156428.83,51527.41,93852.72,-44036.0,49616.54,1771.7334,-49778.633,2642.8704,17534.295,-277.564,8422.159
5749.584,103604.49,5485.029,31957.004,37416.844,187500.0,176402.03,70575.86,113907.6,-29266.502,67865.28,19552.928,-32491.322,-1677.7667,21060.508,-4980.796,23850.742
5749.6064,100607.305,2987.825,27197.938,32253.924,187500.0,173635.27,66544.18,111063.516,-33697.914,63574.484,15499.394,-37245.965,15394.273,23587.64,10873.319,19589.607
5749.629,81906.25,-16783.635,9645.181,15134.256,176951.62,153566.97,47313.57,90895.2,-48846.41,45083.67,-2512.0903,-54814.613,19791.242,19965.988,15711.823,3811.1067
5749.6514,82497.97,-16796.375,12011.984,17933.834,178849.61,153773.6,48802.734,91154.086,-46353.14,46947.45,-818.8562,-52398.816,5278.9907,17440.307,2251.7148,6064.1177
5749.6733,101093.7,2771.639,29819.486,35393.59,187500.0,173666.1,68102.44,111144.56,-31033.969,65547.07,17268.8,-34612.3,-2791.2637,20263.848,-5906.404,21975.7
5749.696,103200.78,5653.3823,29927.088,34997.645,187500.0,176359.53,69351.49,113784.35,-31320.113,66335.87,18163.79,-34523.098,12369.657,23639.072,7975.594,22021.588
5749.7183,84278.016,-14193.269,11671.255,17060.752,179120.23,156167.0,49655.945,93478.11,-47117.08,47302.06,-347.2567,-52772.156,20861.51,20726.842,16615.66,5653.427
5749.7407,80602.05,-18691.066,9954.887,15857.468,176790.78,151805.95,46711.75,89142.766,-48198.434,44879.535,-2817.46,-54458.617,8053.892,17518.291,4885.555,4196.5176
5749.763,98108.13,-434.87555,27155.156,32836.188,187500.0,170429.3,65095.812,107874.53,-33251.15,62708.266,14487.172,-37249.477,-3135.4358,19499.865,-6097.824,19639.674
5749.785,105159.69,7621.0063,32098.826,37204.28,187500.0,178387.19,71521.27,115807.43,-29406.225,68498.016,20242.86,-32351.713,9062.828,23475.613,4850.776,23960.758
5749.8076,87252.14,-10994.868,14319.489,19606.594,181879.73,159394.4,52640.66,96693.78,-44840.26,50153.383,2428.3608,-50109.46,21288.809,21509.666,16892.465,8054.183
5749.83,79380.016,-19859.348,8486.9795,14341.17,175347.67,150573.14,45294.07,87869.984,-49554.02,43447.902,-4198.395,-55935.22,10896.319,17756.25,7561.4614,2846.696
5749.8525,94760.516,-3987.797,24062.525,29841.39,187500.0,166827.81,61677.875,104236.23,-35862.33,59453.832,11302.361,-40320.336,-2646.6033,18808.86,-5522.1997,16904.266
5749.8745,106164.8,8575.895,33395.047,38573.594,187500.0,179390.7,72725.5,116802.91,-28231.617,69740.08,21419.186,-31050.352,5786.6655,23089.6,1783.5128,25118.512
5749.897,90555.7,-7474.58,17363.639,22572.559,184980.31,162957.44,56009.07,100248.2,-42202.71,53399.57,5579.8896,-47044.145,20927.38,22229.213,16420.799,10814.602
5749.9194,78925.71,-20209.934,7726.015,13519.766,174648.81,150169.62,44660.105,87428.92,-50293.1,42775.387,-4846.015,-56695.69,13567.375,18135.402,10053.904,2152.2048
5749.942,91367.14,-7558.489,20837.795,26697.55,187500.0,163196.06,58165.43,100562.625,-38611.48,56097.09,8020.074,-43521.754,-1456.8644,18238.87,-4288.763,14057.191
5749.9644,106243.97,8553.029,33812.332,39082.92,187500.0,179402.33,72972.71,116802.305,-27801.838,70069.39,21705.512,-30616.059,2777.9197,22534.404,-982.09094,25517.178
5749.9863,94029.97,-3800.4004,20658.02,25805.066,187500.0,166683.69,59596.953,103971.086,-39347.367,56868.918,8949.93,-43734.453,19808.967,22848.691,15245.5,13791.585
5750.009,79190.29,-19804.34,7644.1406,13360.711,174664.5,150538.98,44774.434,87768.8,-50441.293,42810.098,-4795.031,-56777.344,16029.777,18645.916,12332.15,2066.821
5750.0312,88046.12,-11028.955,17607.164,23528.564,184445.31,159659.6,54696.465,96984.71,-41396.707,52747.75,4762.5312,-46740.562,359.3937,17810.766,-2485.6929,11177.236
5750.0537,105364.516,7513.3384,33306.758,38687.99,187500.0,178387.67,72228.77,115773.55,-28150.883,69434.53,21059.1,-31102.432,220.41055,21838.416,-3303.9456,25095.734
5750.0757,97493.195,-173.27074,24032.328,29142.965,187500.0,170374.05,63220.367,107663.64,-36410.996,60384.918,12363.265,-40348.86,17921.988,23321.23,13344.573,16829.076
5750.098,80230.81,-18586.773,8305.104,13934.748,175460.28,151734.53,45696.89,88943.586,-49919.94,43636.484,-3977.2917,-56099.684,18143.672,19270.805,14245.259,2671.503
5750.1206,85059.93,-14115.172,14614.42,20573.307,181464.77,156498.22,51533.98,93783.25,-43999.88,49680.957,1785.2562,-49718.44,2673.1123,17546.79,-252.4853,8502.648
5750.143,103600.2,5555.236,31919.61,37420.89,187500.0,176432.44,70550.805,113801.85,-29256.176,67898.43,19537.84,-32461.596,-1645.2225,21065.426,-4953.102,23897.48
5750.1655,100614.836,3062.1667,27175.766,32275.65,187500.0,173675.25,66533.66,110967.56,-33674.645,63622.832,15499.215,-37200.613,15396.6875,23590.277,10879.131,19644.727
5750.1875,81950.95,-16677.463,9652.959,15187.609,176959.34,153642.28,47338.605,90834.92,-48792.72,45167.11,-2478.2722,-54736.273,19781.72,19973.543,15704.761,3897.7422
5750.21,82558.21,-16679.63,12027.005,17996.174,178866.6,153861.34,48838.742,91108.46,-46287.336,47044.098,-772.05164,-52309.832,5276.3086,17451.816,2251.3574,6165.684
5750.2324,101158.25,2890.684,29835.871,35454.316,187500.0,173755.94,68139.78,111104.13,-30964.566,65646.54,17320.68,-34520.973,-2795.8235,20273.234,-5907.79,22078.451
5750.255,103285.6,5793.528,29959.432,35071.207,187500.0,176469.69,69408.65,113768.484,-31239.516,66454.06,18234.42,-34415.742,12365.723,23654.092,7967.2124,22133.346
5750.277,84353.45,-14063.338,11689.784,17120.52,179147.2,156266.17,49702.035,93453.79,-47053.777,47405.168,-291.7797,-52682.594,20878.564,20743.895,16630.95,5749.7183
5750.2993,80642.77,-18598.084,9941.274,15886.904,176784.73,151866.56,46723.797,89083.195,-48163.855,44950.68,-2792.426,-54401.957,8087.576,17530.137,4914.2773,4265.7856
5750.322,98132.3,-359.66193,27130.078,32856.906,187500.0,170470.73,65093.867,107799.266,-33223.188,62769.195,14502.952,-37202.516,-3103.1375,19506.682,-6072.41,19698.459
5750.344,105161.945,7669.957,32055.777,37209.11,187500.0,178403.0,71497.85,115709.95,-29392.01,68538.47,20241.182,-32322.053,9089.986,23479.19,4873.664,23999.494
5750.3667,87260.79,-10943.594,14283.838,19619.223,181853.67,159413.5,52625.46,96601.47,-44822.535,50197.1,2431.11,-50075.465,21280.516,21507.072,16885.715,8098.3945
5750.3887,79421.766,-19776.713,8481.66,14383.035,175353.56,150623.64,45311.816,87811.875,-49511.887,43520.883,-4165.784,-55874.58,10886.351,17759.312,7550.733,2922.2449
5750.411,94783.984,-3926.5757,24041.336,29863.81,187500.0,166857.22,61677.387,104160.805,-35835.594,59509.332,11318.678,-40277.555,-2622.5527,18814.492,-5497.8813,16964.102
5750.4336,106164.375,8611.435,33355.977,38577.1,187500.0,179394.23,72705.2,116706.28,-28220.307,69776.4,21419.275,-31023.285,5807.6763,23090.873,1806.9374,25158.744
5750.456,90541.4,-7457.101,17315.47,22568.355,184944.7,162943.88,55978.36,100138.68,-42201.707,53421.363,5569.183,-47028.945,20950.559,22230.531,16444.58,10840.619
5750.478,78896.61,-20215.232,7666.9395,13506.913,174598.78,150135.2,44616.164,87302.07,-50300.812,42780.906,-4868.7915,-56694.395,13588.051,18136.297,10076.524,2166.9792
5750.5005,91332.83,-7575.99,20777.602,26683.67,187500.0,163151.42,58116.75,100428.13,-38618.9,56099.66,7994.839,-43522.426,-1433.775,18238.332,-4270.569,14071.474
5750.523,106229.59,8551.084,33772.906,39086.633,187500.0,179373.56,72943.61,116687.4,-27790.395,70093.69,21699.566,-30595.428,2778.59,22530.18,-989.1988,25549.7
5750.5454,94046.22,-3771.5667,20644.43,25832.873,187500.0,166684.31,59596.93,103889.32,-39316.88,56919.88,8968.861,-43690.11,19806.709,22851.262,15234.659,13846.66
5750.568,79190.42,-19793.455,7611.887,13372.244,174644.44,150519.12,44755.39,87670.61,-50426.676,42844.586,-4791.9014,-56750.188,16056.555,18648.309,12346.3,2112.0833
5750.59,88023.945,-11043.908,17556.646,23522.932,184411.64,159612.48,54653.523,96862.38,-41402.9,52758.477,4743.957,-46735.11,392.67545,17806.475,-2467.6775,11202.695
5750.6123,105329.96,7481.1743,33250.434,38674.957,187500.0,178323.2,72173.41,115636.51,-28168.518,69432.03,21028.455,-31106.545,241.01888,21831.688,-3287.1816,25107.18
5750.635,97466.28,-202.14919,23986.238,29137.8,187500.0,170315.67,63173.832,107535.43,-36419.133,60392.047,12341.359,-40344.03,17922.48,23313.854,13349.379,16847.291
5750.657,80193.91,-18630.38,8250.61,13921.8955,175418.22,151662.2,45639.78,88805.41,-49932.836,43632.977,-4008.383,-56104.645,18150.914,19263.92,14255.898,2687.7751
5750.679,85028.12,-14155.226,14567.526,20568.926,181430.34,156426.7,51481.86,93651.914,-44009.0,49679.703,1756.266,-49721.03,2671.95,17539.324,-249.82545,8524.91
5750.7017,103591.42,5539.0757,31895.18,37435.957,187500.0,176383.08,70522.375,113697.05,-29245.715,67921.67,19531.873,-32440.562,-1671.9329,21059.1,-4973.9785,23935.836
5750.724,100637.64,3081.1658,27176.816,32315.102,187500.0,173658.98,66536.43,110900.234,-33644.0,63674.465,15522.215,-37153.742,15383.433,23592.088,10864.558,19703.713
5750.7466,81934.44,-16697.29,9613.285,15189.285,176939.28,153584.4,47301.836,90729.24,-48797.367,45178.71,-2491.236,-54728.85,19814.375,19976.047,15728.006,3927.2014
5750.769,82521.125,-16720.602,11973.003,17984.729,178830.34,153779.08,48784.496,90981.98,-46305.777,47038.42,-799.7454,-52317.14,5296.671,17446.61,2260.4321,6181.733
5750.791,101128.44,2857.0225,29793.0,35454.027,187500.0,173679.16,68095.95,110988.44,-30974.559,65651.45,17302.508,-34517.934,-2786.1675,20268.742,-5905.0405,22098.209
5750.8135,103237.52,5739.8833,29901.607,35057.06,187500.0,176373.22,69347.875,113635.086,-31265.754,66441.37,18198.232,-34430.27,12383.001,23647.855,7985.719,22134.062
5750.836,84273.19,-14155.114,11605.115,17082.41,179075.3,156131.73,49611.35,93283.65,-47105.633,47364.49,-354.901,-52726.023,20905.074,20734.217,16650.016,5730.205
5750.8584,80577.734,-18680.338,9873.683,15867.995,176730.75,151741.94,46650.06,88925.57,-48199.816,44925.777,-2841.1304,-54430.277,8070.1196,17515.943,4898.0273,4265.7188
5750.8804,98097.945,-412.92615,27091.209,32865.29,187500.0,170374.8,65050.797,107673.36,-33234.676,62771.14,14479.616,-37204.66,-3125.0422,19500.133,-6093.9126,19719.0
5750.903,105133.195,7623.488,32021.533,37220.73,187500.0,178311.92,71460.79,115592.336,-29399.52,68547.68,20223.86,-32318.008,9087.795,23477.0,4868.635,24020.639
5750.9253,87215.08,-11009.554,14233.01,19614.305,181820.25,159300.36,52569.27,96465.75,-44841.668,50193.324,2401.2705,-50084.605,21292.363,21507.432,16894.9,8111.582
5750.9478,79399.125,-19821.572,8451.775,14400.648,175340.69,150529.53,45276.79,87698.08,-49509.695,43538.25,-4174.68,-55861.367,10857.83,17756.809,7522.5693,2961.8074
5750.97,94828.484,-3901.4973,24066.348,29936.14,187500.0,166830.97,61705.145,104116.98,-35783.625,59586.246,11368.5,-40206.367,-2667.3455,18823.68,-5542.428,17054.068
5750.992,106224.164,8654.819,33386.22,38651.89,187500.0,179382.5,72742.71,116678.68,-28169.613,69856.375,21471.914,-30951.379,5797.953,23106.72,1795.2698,25243.86
5751.0146,90577.9,-7434.884,17320.434,22617.463,184969.52,162906.5,55991.21,100088.234,-42176.293,53475.453,5597.3687,-46982.79,20956.416,22242.758,16446.436,10903.114
5751.037,78893.195,-20232.576,7636.4517,13524.058,174591.94,150054.7,44592.223,87212.58,-50313.176,42796.598,-4877.7544,-56688.383,13616.594,18143.404,10098.81,2197.0422
5751.0596,91313.79,-7609.3613,20739.336,26694.219,187500.0,163052.81,58080.63,100323.664,-38639.664,56103.46,7975.147,-43526.54,-1431.4952,18238.645,-4269.4736,14091.188
5751.0815,106194.91,8501.731,33724.133,39087.19,187500.0,179257.64,72893.984,116568.44,-27819.34,70082.305,21666.576,-30612.414,2798.8855,22533.979,-967.11536,25553.543
5751.104,93992.11,-3843.8745,20581.576,25821.473,187500.0,166544.11,59528.8,103749.71,-39350.496,56895.137,8922.951,-43717.355,19804.764,22848.424,15235.755,13848.471
5751.1265,79196.125,-19805.748,7606.3213,13417.887,174658.66,150435.53,44747.01,87593.23,-50404.883,42879.098,-4780.636,-56717.797,16001.189,18650.14,12298.02,2182.469
5751.149,88083.24,-10998.444,17598.334,23613.031,184469.55,159582.72,54698.363,96844.62,-41340.918,52842.32,4803.2114,-46656.34,344.35098,17822.611,-2505.5637,11323.64
5751.1714,105376.01,7517.9873,33275.824,38747.176,187500.0,178279.77,72205.51,115610.086,-28123.95,69500.71,21072.957,-31045.814,255.90512,21857.08,-3269.3228,25211.182
5751.1934,97425.67,-256.12863,23932.975,29134.158,187500.0,170175.55,63118.957,107416.09,-36448.41,60373.54,12302.691,-40366.76,17987.01,23328.36,13409.349,16880.037
5751.216,80110.555,-18733.691,8168.4673,13894.873,175343.52,151467.73,45548.566,88637.44,-49986.234,43582.84,-4077.1816,-56157.215,18191.908,19267.854,14293.874,2701.2085
5751.2383,84941.69,-14268.885,14489.742,20550.553,181356.72,156218.5,51390.215,93475.87,-44051.09,49634.8,1691.3342,-49766.406,2691.8655,17544.287,-228.54659,8546.927
5751.2607,103491.44,5406.7085,31811.963,37415.953,187500.0,176151.27,70420.9,113504.15,-29292.006,67867.14,19456.502,-32492.754,-1644.2838,21063.258,-4945.6367,23946.72
5751.2827,100523.35,2926.268,27085.844,32288.703,187500.0,173397.2,66420.89,110688.57,-33690.383,63610.81,15438.061,-37211.656,15387.21,23587.908,10871.8,19709.3
5751.305,81863.85,-16815.486,9567.575,15209.938,176893.34,153348.36,47228.277,90559.64,-48802.31,45157.32,-2533.168,-54742.934,19789.744,19979.02,15712.919,3978.4094
5751.3276,82465.49,-16829.656,11938.269,18024.984,178796.14,153534.11,48722.2,90825.96,-46296.97,47028.543,-830.5685,-52318.93,5280.1753,17456.332,2256.4536,6249.794
5751.35,101109.26,2782.7922,29789.156,35543.902,187500.0,173437.7,68068.8,110872.3,-30936.717,65673.695,17302.686,-34485.434,-2830.0662,20276.477,-5939.507,22192.332
5751.3726,103296.89,5749.1147,29965.8,35243.094,187500.0,176165.55,69400.0,113609.625,-31169.934,66537.09,18271.123,-34328.145,12321.892,23665.291,7931.4272,22282.969
5751.3945,84338.34,-14136.764,11662.225,17287.42,179151.56,155882.42,49663.207,93273.41,-47011.62,47460.086,-279.28506,-52625.305,20908.47,20763.387,16655.312,5879.783
5751.417,80542.39,-18768.113,9833.2705,15998.619,176711.62,151340.83,46596.773,88814.195,-48191.438,44920.95,-2862.1858,-54426.477,8146.2275,17536.53,4971.0283,4330.0693
5751.4395,98012.695,-558.4807,27014.117,32972.375,187500.0,169883.11,64952.383,107513.52,-33256.96,62725.23,14419.088,-37235.527,-3112.5698,19496.512,-6075.763,19748.795
5751.462,105126.914,7555.9404,32025.133,37408.688,187500.0,177876.62,71446.15,115521.15,-29349.273,68583.94,20245.229,-32264.967,9034.732,23479.57,4823.1045,24119.635
5751.484,87228.47,-11058.728,14251.048,19817.236,181863.33,158861.88,52572.4,96421.945,-44778.66,50244.777,2438.9778,-50017.035,21290.62,21523.592,16895.975,8225.464
5751.5063,79314.63,-19978.594,8377.635,14516.475,175289.72,149961.55,45180.207,87554.445,-49529.254,43494.016,-4229.8887,-55887.164,10932.418,17768.521,7599.437,2993.6587
5751.529,94644.87,-4172.601,23915.07,29979.346,187500.0,166134.02,61516.453,103869.14,-35868.742,59457.297,11230.836,-40309.117,-2615.1765,18810.045,-5487.219,17013.992
5751.5513,106089.336,8422.584,33297.773,38753.57,187500.0,178718.72,72610.61,116482.63,-28197.307,69786.86,21393.84,-30989.824,5772.07,23093.354,1775.4885,25257.494
5751.573,90503.875,-7612.8037,17289.432,22767.555,184960.2,162291.58,55918.543,99957.54,-42149.96,53466.312,5578.1685,-46963.207,20939.34,22246.312,16438.992,10973.612
5751.5957,78811.41,-20429.049,7591.8154,13654.882,174564.31,149412.45,44504.695,87071.13,-50291.74,42778.47,-4907.5493,-56677.363,13637.56,18153.463,10125.185,2267.3835
5751.618,91172.97,-7878.029,20640.586,26771.713,187495.66,162331.97,57934.695,100118.54,-38664.92,56029.52,7890.166,-43567.17,-1384.5565,18240.053,-4220.7246,14112.892
5751.6406,106106.84,8279.22,33683.99,39219.2,187500.0,178583.75,72807.06,116419.51,-27793.902,70068.38,21639.596,-30591.717,2737.1501,22524.123,-1020.7818,25622.498
5751.663,93982.49,-3989.1606,20611.35,26011.574,187500.0,165947.98,59519.258,103684.49,-39267.08,56955.555,8969.711,-43627.055,19797.791,22867.914,15230.658,13972.657
5751.685,79077.73,-20072.627,7529.8784,13498.442,174598.27,149714.55,44624.543,87409.586,-50415.434,42833.05,-4837.343,-56734.875,16095.715,18663.238,12387.762,2205.0222
5751.7075,87883.84,-11363.985,17453.047,23625.393,184342.8,158762.4,54494.246,96567.09,-41411.438,52718.56,4670.2407,-46744.562,418.6035,17812.465,-2436.698,11275.695
5751.73,105213.305,7178.33,33177.008,38800.13,187500.0,177491.47,72042.38,115367.1,-28149.385,69422.88,20982.701,-31084.863,222.73514,21834.504,-3298.38,25199.648
5751.7524,97407.72,-450.20883,23969.027,29308.414,187500.0,169539.52,63101.902,107326.26,-36353.484,60441.87,12351.664,-40266.426,17903.37,23330.93,13331.475,16986.05
5751.7744,80133.65,-18888.32,8225.599,14079.744,175421.38,150872.11,45560.86,88589.11,-49878.367,43672.293,-4007.757,-56038.527,18170.16,19285.2,14275.143,2821.729
5751.797,84934.58,-14456.505,14508.764,20691.928,181394.56,155590.56,51364.555,93395.27,-43983.05,49682.7,1722.5372,-49687.75,2696.0898,17553.473,-218.28714,8627.84
5751.8193,103507.16,5241.462,31852.197,37568.504,187500.0,175554.42,70416.25,113448.31,-29207.182,67935.984,19510.236,-32391.477,-1684.5616,21066.922,-4978.896,24044.6
5751.842,100616.47,2845.7795,27194.854,32498.186,187500.0,172897.03,66495.01,110719.34,-33553.88,63750.28,15561.018,-37046.164,15350.799,23610.887,10838.987,19859.928
5751.8643,81921.945,-16926.977,9632.843,15368.927,176980.95,152827.2,47264.508,90557.49,-48705.883,45257.547,-2448.8125,-54622.48,19819.963,20002.354,15741.932,4085.8318
5751.886,82452.44,-17014.596,11933.865,18109.652,178814.16,152954.7,48687.867,90748.984,-46263.016,47058.492,-813.87177,-52268.438,5325.035,17463.842,2301.917,6291.592
5751.9087,101060.8,2557.8892,29756.834,35582.33,187500.0,172853.62,68002.37,110754.75,-30926.031,65673.07,17289.12,-34464.87,-2817.594,20272.564,-5921.223,22209.053
5751.931,103270.02,5544.8647,29957.732,35270.074,187500.0,175656.64,69355.805,113509.336,-31134.06,66560.08,18279.57,-34282.836,12306.133,23661.715,7918.396,22323.404
5751.9536,84352.27,-14297.495,11691.237,17319.182,179191.22,155464.98,49658.87,93210.78,-46944.344,47518.848,-238.29196,-52545.734,20878.72,20765.465,16628.088,5951.8677
5751.9756,80618.164,-18859.531,9915.391,16061.964,176802.9,151033.31,46655.69,88815.625,-48081.688,45036.62,-2765.6262,-54294.734,8087.7773,17544.645,4917.5405,4448.668
5751.998,98104.94,-624.95483,27102.117,33029.688,187500.0,169632.72,65025.67,107530.89,-33149.36,62847.293,14522.89,-37101.91,-3107.5854,19519.467,-6074.8022,19866.969
5752.0205,105125.016,7394.8965,32019.434,37368.836,187500.0,177556.64,71420.0,115433.15,-29323.145,68605.73,20250.906,-32229.473,9088.265,23489.65,4873.15,24152.67
5752.043,87255.875,-11187.094,14279.77,19805.256,181892.88,158596.86,52577.742,96358.086,-44722.47,50294.848,2470.6055,-49953.668,21248.62,21519.479,16857.262,8287.356
5752.0654,79465.734,-19969.72,8520.038,14608.273,175436.03,149852.36,45311.01,87620.83,-49374.18,43661.297,-4083.82,-55712.37,10846.654,17781.887,7519.7534,3158.2122
5752.0874,94840.16,-4104.9873,24085.525,30092.244,187500.0,166097.36,61686.84,103985.055,-35698.176,59653.547,11406.609,-40110.188,-2640.4116,18841.629,-5508.99,17196.537
5752.11,106209.57,8424.35,33391.293,38789.4,187500.0,178626.27,72703.7,116522.51,-28102.066,69898.375,21487.537,-30876.076,5798.065,23114.252,1803.6517,25359.352
5752.1323,90584.3,-7645.3027,17351.615,22772.473,185016.84,162172.8,55974.65,99953.38,-42085.207,53537.996,5634.674,-46886.99,20937.53,22250.895,16437.473,11038.723
5752.155,78902.53,-20441.924,7670.3594,13675.804,174641.8,149319.64,44575.816,87076.836,-50218.76,42858.98,-4840.248,-56591.51,13630.116,18159.564,10114.858,2337.635
5752.177,91246.64,-7901.1626,20706.59,26782.598,187500.0,162234.88,57990.484,100104.91,-38607.812,56091.66,7939.4736,-43498.71,-1374.2523,18248.994,-4215.338,14164.613
5752.199,106118.17,8195.468,33699.145,39183.395,187500.0,178432.56,72803.86,116338.98,-27787.086,70069.55,21627.729,-30581.412,2781.183,22530.984,-978.47,25620.174
5752.2217,93971.68,-4093.1184,20620.469,25969.666,187500.0,165781.64,59500.438,103578.75,-39268.26,56941.652,8941.48,-43628.797,19791.979,22863.78,15229.094,13959.29
5752.244,79103.86,-20135.39,7581.3545,13493.592,174623.7,149593.17,44644.168,87339.36,-50382.844,42853.15,-4831.2627,-56700.094,16074.86,18666.21,12370.082,2225.6975
5752.2666,87901.15,-11432.225,17499.068,23613.256,184355.14,158639.55,54505.266,96486.65,-41384.613,52729.58,4666.7764,-46718.098,403.02432,17813.984,-2446.1975,11291.118
5752.2886,105262.5,7145.495,33254.3,38824.51,187500.0,177408.8,72086.53,115319.13,-28099.094,69462.29,21007.377,-31031.488,167.48163,21833.14,-3343.8657,25240.44
5752.311,97494.22,-439.88232,24077.992,29364.965,187500.0,169502.67,63181.81,107317.74,-36281.89,60510.51,12406.716,-40187.926,17874.49,23341.682,13308.587,17052.592
5752.3335,80185.52,-18909.332,8299.426,14098.363,175462.52,150803.48,45603.91,88543.94,-49836.77,43709.375,-3982.8796,-55994.695,18187.012,19300.084,14296.422,2860.9563
5752.356,84925.48,-14540.793,14529.886,20658.848,181376.03,155458.77,51347.637,93283.195,-43990.76,49660.57,1689.5907,-49702.95,2721.4592,17554.68,-191.93443,8617.3125
5752.378,103500.0,5158.2466,31881.545,37552.723,187500.0,175426.11,70406.836,113337.12,-29207.963,67918.19,19479.3,-32402.676,-1710.6014,21056.037,-5000.9126,24040.71
5752.4004,100664.34,2820.589,27274.537,32536.473,187500.0,172829.16,66541.45,110664.695,-33508.64,63786.65,15582.162,-37005.215,15303.637,23610.215,10798.6875,19906.42
5752.423,81985.84,-16933.816,9720.483,15408.958,177032.94,152776.83,47321.684,90516.61,-48654.766,45303.008,-2418.7495,-54573.395,19808.498,20011.719,15731.962,4143.924
5752.4453,82486.86,-17050.223,11992.963,18115.777,178836.14,152873.97,48710.914,90673.66,-46241.938,47069.734,-817.0904,-52252.098,5343.14,17472.201,2317.3843,6320.962
5752.468,101060.305,2487.101,29790.496,35566.5,187500.0,172738.28,67992.086,110641.336,-30934.19,65649.29,17251.568,-34481.23,-2805.9712,20269.39,-5910.3154,22206.771
5752.4897,103309.09,5516.7236,30034.578,35300.96,187500.0,175586.39,69389.734,113438.14,-31111.887,66574.76,18279.504,-34262.88,12279.825,23660.15,7894.9937,22355.188
5752.512,84394.41,-14321.255,11767.166,17346.83,179229.7,155400.53,49694.3,93143.12,-46923.777,47532.863,-237.84492,-52528.367,20888.8,20774.92,16643.668,5983.741
5752.5347,80574.53,-18973.66,9910.675,16007.067,176760.73,150877.3,46601.914,88652.92,-48129.32,44965.027,-2848.3948,-54357.766,8154.0503,17546.543,4986.8086,4407.161
5752.557,98009.516,-798.1138,27059.96,32943.99,187500.0,169419.58,64923.973,107309.25,-33226.16,62732.72,14393.518,-37203.832,-3115.878,19491.639,-6070.4434,19792.113
5752.579,105207.25,7409.7827,32153.365,37461.93,187500.0,177536.36,71508.18,115403.84,-29253.494,68674.8,20295.586,-32158.482,8948.634,23476.172,4748.1367,24233.068
5752.6016,87381.89,-11117.222,14434.332,19914.69,182021.48,158631.03,52704.945,96381.87,-44635.676,50402.38,2552.6365,-49854.316,21263.908,21549.63,16873.645,8392.924
5752.624,79406.97,-20091.447,8491.114,14538.111,175379.22,149690.27,45245.164,87446.195,-49453.93,43579.89,-4185.3193,-55797.645,10977.903,17789.486,7644.0513,3093.951
5752.6465,94679.625,-4338.8086,23977.053,29954.67,187500.0,165824.39,61526.332,103697.66,-35840.69,59485.508,11217.604,-40275.855,-2605.677,18808.793,-5473.652,17064.818
5752.669,106182.414,8326.874,33421.09,38797.402,187500.0,178494.95,72687.97,116375.23,-28118.473,69877.66,21437.738,-30901.064,5697.102,23089.576,1706.8463,25359.53
5752.691,90653.766,-7638.1055,17458.254,22854.525,185098.06,162147.56,56052.117,99911.2,-42034.0,53608.605,5672.247,-46832.473,20912.941,22267.748,16407.32,11114.606
5752.7134,78903.32,-20505.18,7697.1367,13675.11,174651.94,149222.14,44575.258,86961.57,-50234.562,42852.97,-4877.6426,-56612.97,13660.246,18167.12,10144.675,2346.6204
5752.736,91242.28,-7971.6826,20722.951,26772.629,187500.0,162129.86,57979.664,99981.99,-38623.19,56078.383,7893.5854,-43526.36,-1420.9229,18233.012,-4248.597,14173.219
5752.7583,106242.31,8264.646,33828.94,39289.406,187500.0,178475.02,72922.305,116356.99,-27697.12,70181.91,21703.344,-30492.922,2664.7974,22526.604,-1084.3278,25739.242
5752.7803,94157.734,-3948.5251,20782.295,26113.23,187500.0,165918.75,59675.363,103670.81,-39151.387,57100.797,9065.511,-43503.45,19766.633,22890.467,15198.539,14112.6455
5752.8027,79202.09,-20072.584,7640.8994,13542.855,174714.56,149669.84,44727.027,87345.21,-50357.184,42917.453,-4798.4507,-56671.33,16123.5205,18685.434,12412.818,2287.5447
5752.825,87931.5,-11433.61,17491.982,23609.367,184382.61,158666.73,54523.93,96423.88,-41408.62,52735.055,4642.1226,-46747.914,426.22543,17811.234,-2431.5125,11299.434
5752.8477,105309.69,7168.7188,33266.19,38849.66,187500.0,177470.89,72129.6,115279.305,-28097.863,69493.31,21005.791,-31039.623,164.08417,21831.24,-3360.8083,25275.129
5752.87,97556.766,-393.72598,24101.238,29405.576,187500.0,169597.98,63240.977,107297.945,-36264.3,60558.95,12421.2,-40180.324,17869.328,23346.42,13295.556,17103.533
5752.892,80259.29,-18845.494,8322.471,14143.647,175552.55,150929.55,45671.5,88538.04,-49815.535,43762.797,-3961.6008,-55980.035,18180.084,19303.146,14284.509,2914.131
5752.9146,84995.44,-14473.447,14530.668,20701.092,181468.73,155598.8,51412.59,93277.48,-43977.35,49706.547,1704.8794,-49694.547,2724.812,17557.676,-192.98497,8662.44
5752.937,103558.65,5221.5464,31856.69,37592.082,187500.0,175568.0,70464.46,113326.12,-29202.398,67957.33,19487.885,-32402.229,-1705.7511,21062.475,-4995.481,24080.25
5752.9595,100700.0,2866.7007,27219.463,32561.797,187500.0,172959.16,66578.65,110634.12,-33521.203,63807.926,15573.109,-37024.617,15317.45,23616.809,10810.623,19928.414
5752.9814,81988.77,-16917.275,9629.154,15409.853,177089.61,152886.88,47329.13,90453.87,-48690.73,45299.21,-2451.0925,-54617.07,19839.543,20017.307,15758.74,4138.0903
5753.004,82458.61,-17064.617,11870.967,18095.17,178871.47,152962.84,48691.62,90579.71,-46299.027,47039.45,-875.8978,-52320.676,5370.2305,17467.531,2341.8372,6290.6973
5753.0264,101032.95,2474.8076,29673.373,35556.957,187500.0,172834.66,67979.79,110551.26,-30976.502,65630.4,17201.857,-34539.344,-2812.118,20260.65,-5913.1543,22190.5
5753.049,103307.33,5531.6323,29941.035,35317.594,187500.0,175713.02,69403.93,113376.19,-31126.125,66583.97,18256.973,-34294.19,12262.637,23658.295,7880.197,22365.648
5753.0713,84414.34,-14279.792,11688.264,17378.168,179321.94,155558.86,49729.035,93105.59,-46919.91,47565.027,-237.04027,-52539.008,20874.363,20779.592,16626.346,6011.301
5753.0933,80591.19,-18930.521,9823.593,16032.012,176849.56,151042.02,46633.25,88615.24,-48130.66,44995.227,-2849.49,-54372.72,8149.1333,17551.059,4978.136,4429.2666
5753.1157,98028.14,-748.69403,26976.053,32974.902,187500.0,169591.81,64958.797,107278.05,-33222.56,62767.52,14399.173,-37214.004,-3132.463,19495.416,-6087.297,19819.203
5753.138,105222.78,7458.554,32066.773,37491.613,187500.0,177706.39,71538.305,115371.164,-29250.879,68705.59,20300.012,-32172.787,8948.879,23482.543,4746.013,24255.107
5753.1606,87362.83,-11105.107,14312.806,19913.238,182070.22,158768.77,52699.74,96312.42,-44663.348,50394.96,2522.0815,-49904.766,21272.76,21549.697,16883.613,8377.255
5753.1826,79357.305,-20112.973,8341.805,14512.451,175406.8,149802.22,45210.203,87344.09,-49500.355,43545.715,-4242.0703,-55871.227,10976.518,17781.686,7643.9395,3054.7908
5753.205,94654.79,-4337.088,23854.52,29956.883,187500.0,165963.06,61516.117,103619.766,-35857.812,59478.844,11189.038,-40321.746,-2645.5303,18795.47,-5512.164,17054.38
5753.2275,106238.086,8413.733,33373.48,38874.29,187500.0,178719.39,72756.836,116384.51,-28067.668,69947.055,21487.135,-30873.326,5641.916,23091.342,1657.069,25419.143
5753.25,90720.77,-7534.528,17410.623,22932.8,185220.03,162390.77,56127.49,99934.92,-41982.457,53680.867,5729.9595,-46801.516,20918.15,22282.299,16412.752,11174.264
5753.272,78924.33,-20446.059,7601.7393,13709.197,174740.42,149425.17,44604.203,86937.31,-50224.527,42879.902,-4855.5146,-56624.77,13687.94,18176.082,10172.458,2361.3726
5753.2944,91230.95,-7944.19,20603.729,26786.197,187500.0,162303.53,57979.957,99923.99,-38637.406,56075.746,7891.5293,-43565.633,-1395.1512,18235.404,-4219.6963,14161.261
5753.317,106212.2,8273.007,33701.312,39297.363,187500.0,178621.89,72906.81,116279.74,-27722.578,70161.3,21683.139,-30546.902,2683.394,22524.592,-1065.977,25714.363
5753.3394,94124.9,-3944.837,20658.557,26120.316,187500.0,166043.39,59656.363,103589.23,-39171.816,57081.19,9046.847,-43553.76,19750.54,22883.918,15182.445,14088.841
5753.362,79193.375,-20045.648,7540.8755,13566.973,174781.14,149798.9,44730.895,87286.945,-50354.504,42922.883,-4789.219,-56696.14,16063.438,18679.89,12362.885,2283.9685
5753.384,87950.97,-11378.021,17419.898,23654.383,184468.16,158810.2,54555.402,96394.85,-41387.746,52761.652,4674.376,-46752.027,382.12543,17813.0,-2459.251,11312.665
5753.4062,105330.66,7226.2295,33198.957,38896.867,187500.0,177603.9,72160.84,115252.055,-28079.514,69513.945,21031.182,-31048.61,142.44768,21831.15,-3366.955,25282.104
5753.4287,97590.984,-320.94873,24049.002,29466.352,187500.0,169734.8,63285.344,107285.6,-36236.25,60591.74,12460.718,-40175.633,17860.521,23353.238,13298.573,17120.52
5753.451,80255.46,-18812.771,8240.016,14165.217,175605.81,151016.94,45678.61,88483.586,-49819.56,43761.164,-3953.5542,-56007.906,18206.727,19310.97,14321.902,2896.0486
5753.473,84941.46,-14496.939,14423.446,20680.371,181469.77,155621.48,51370.86,93165.336,-44016.934,49660.145,1669.7424,-49764.953,2747.6553,17553.227,-162.4972,8603.678
5753.4956,103519.11,5207.2417,31791.355,37594.43,187500.0,175593.77,70437.98,113222.43,-29219.898,67927.64,19467.342,-32455.246,-1727.924,21045.8,-5010.904,24039.883
5753.518,100752.15,2945.9153,27258.602,32645.416,187500.0,173073.56,66642.734,110622.74,-33460.516,63865.84,15636.833,-36992.477,15273.351,23615.379,10773.296,19966.637
5753.5405,82050.24,-16828.941,9681.502,15480.707,177172.64,153003.38,47395.848,90447.12,-48631.05,45356.316,-2385.088,-54585.598,19846.986,20030.584,15774.096,4174.9927
5753.563,82445.17,-17058.092,11863.412,18089.023,178871.83,152991.02,48678.77,90484.805,-46303.562,47019.49,-881.4634,-52362.9,5417.1245,17471.844,2399.214,6257.9077
5753.585,101007.78,2462.3354,29673.664,35555.06,187500.0,172841.33,67958.78,110434.92,-30986.248,65599.445,17185.072,-34590.44,-2829.3286,20248.111,-5912.752,22148.814
5753.6074,103371.55,5611.5845,30039.092,35407.223,187500.0,175811.55,69477.516,113350.64,-31064.322,66642.59,18326.69,-34260.26,12212.346,23659.547,7847.116,22397.924
5753.63,84465.234,-14216.156,11770.831,17438.34,179373.88,155639.28,49782.543,93058.05,-46879.477,47601.26,-185.16187,-52525.773,20912.807,20791.639,16681.889,6020.912
5753.6523,80578.36,-18939.908,9848.648,16024.859,176833.12,151047.64,46618.566,88487.97,-48146.977,44961.676,-2861.9622,-54424.42,8190.819,17546.99,5040.4526,4377.4775
5753.6743,98028.586,-750.5269,27019.416,32986.57,187500.0,169605.47,64959.445,107154.58,-33218.18,62751.047,14400.871,-37251.824,-3134.4746,19484.598,-6072.9023,19785.006
5753.697,105265.74,7499.994,32151.084,37546.44,187500.0,177763.25,71582.38,115282.55,-29210.266,68733.13,20345.408,-32173.303,8951.159,23484.062,4761.9053,24258.998
5753.719,87411.95,-11057.118,14402.995,19963.016,182100.0,158831.66,52746.965,96214.9,-44619.875,50430.656,2585.4487,-49899.4,21298.195,21559.645,16920.404,8385.302
5753.7417,79406.12,-20068.336,8432.866,14552.595,175432.14,149860.86,45255.6,87229.56,-49461.438,43581.3,-4168.8687,-55868.344,10990.89,17788.146,7681.3115,3055.7295
5753.764,94687.67,-4310.467,23933.242,29985.27,187500.0,166002.3,61547.344,103476.13,-35833.402,59498.695,11250.796,-40336.99,-2614.6848,18802.668,-5451.859,17035.225
5753.786,106213.03,8378.306,33404.816,38858.4,187500.0,178695.56,72733.586,116167.85,-28089.795,69911.96,21493.617,-30943.89,5684.7417,23086.738,1725.6217,25347.75
5753.8086,90685.79,-7586.7637,17440.709,22910.56,185164.4,162352.44,56096.82,99693.61,-42003.38,53643.695,5734.385,-46873.332,20914.148,22267.95,16435.46,11098.826
5753.831,78932.305,-20459.582,7671.7896,13718.965,174715.11,149427.19,44614.285,86728.51,-50203.85,42887.12,-4807.3467,-56653.45,13669.098,18168.035,10177.152,2324.604
5753.8535,91267.34,-7930.153,20694.834,26818.941,187500.0,162331.56,58017.215,99735.43,-38591.832,56109.965,7966.4077,-43570.84,-1403.2649,18237.104,-4207.3584,14146.509
5753.8755,106263.836,8300.745,33791.97,39348.035,187500.0,178663.69,72960.52,116098.54,-27667.191,70210.31,21771.293,-30542.365,2668.3738,22528.816,-1046.7545,25707.994
5753.898,94183.1,-3910.907,20732.809,26174.61,187500.0,166091.77,59718.188,103406.016,-39114.73,57135.04,9141.037,-43545.426,19760.598,22890.512,15238.393,14081.219
5753.9204,79220.47,-20046.275,7567.541,13584.094,174749.22,149814.78,44761.09,87062.64,-50322.965,42945.816,-4722.119,-56714.51,16119.497,18684.584,12454.325,2244.8752
5753.943,87921.35,-11443.736,17388.182,23625.035,184385.33,158764.06,54530.277,96103.586,-41395.523,52735.098,4695.7666,-46817.61,437.73657,17809.021,-2368.5251,11230.813
5753.9653,105316.234,7169.501,33186.17,38897.69,187500.0,177573.0,72157.9,114970.89,-28064.828,69511.04,21078.121,-31092.195,118.35249,21822.457,-3349.297,25222.201
5753.9873,97625.13,-333.35394,24076.115,29510.25,187500.0,169757.05,63332.64,107050.53,-36182.83,60637.402,12557.188,-40175.97,17823.797,23355.137,13299.177,17098.75
5754.01,80292.34,-18831.055,8254.946,14196.018,175573.5,151040.45,45722.06,88244.65,-49767.656,43803.117,-3854.4915,-56013.85,18188.822,19314.658,14337.639,2872.5122
5754.032,84981.805,-14516.608,14431.873,20705.896,181430.56,155646.22,51412.277,92924.875,-43961.035,49702.793,1774.3933,-49769.848,2736.502,17559.574,-139.09492,8587.205
5754.0547,103565.96,5196.1772,31807.783,37631.938,187500.0,175615.94,70487.75,112988.2,-29160.287,67977.13,19579.078,-32458.488,-1765.2067,21052.305,-5009.0264,24029.824
5754.0767,100816.12,2950.2964,27289.938,32700.58,187500.0,173094.42,66709.74,110404.63,-33397.73,63928.223,15761.489,-36989.168,15234.659,23624.7,10779.845,19962.725
5754.099,82073.664,-16874.54,9670.773,15489.134,177105.33,152956.6,47416.902,90182.836,-48609.637,45374.355,-2302.498,-54624.043,19849.871,20034.697,15825.08,4133.5083
5754.1216,82446.0,-17136.166,11834.243,18075.701,178779.52,152895.3,48674.793,90193.336,-46299.67,47014.414,-818.5209,-52420.742,5396.963,17467.732,2418.8389,6203.682
5754.144,101030.89,2408.4678,29671.406,35562.836,187500.0,172755.14,67977.84,110167.59,-30959.225,65617.32,17272.848,-34629.758,-2877.0496,20241.496,-5925.2466,22124.629
5754.1665,103426.11,5592.0938,30067.256,35436.594,187500.0,175747.5,69525.97,113122.83,-31014.455,66687.79,18442.918,-34275.996,12168.938,23659.434,7838.332,22404.854
5754.1885,84519.53,-14244.432,11799.799,17459.932,179290.08,155559.39,49826.332,92845.15,-46837.566,47643.504,-70.83269,-52543.945,20883.75,20791.527,16680.928,6028.3774
5754.211,80605.05,-19019.592,9865.636,16028.682,176700.53,150922.17,46631.04,88266.46,-48129.992,44977.277,-2771.4377,-54469.414,8189.791,17547.549,5063.095,4367.0166
5754.2334,98000.53,-913.5605,27017.873,32961.625,187500.0,169411.56,64917.805,106898.61,-33248.89,62709.562,14435.852,-37359.066,-3157.7205,19468.191,-6061.8154,19729.215
5754.256,105234.54,7315.1226,32182.176,37540.81,187500.0,177565.03,71545.68,115137.55,-29237.535,68691.875,20375.494,-32289.219,8860.903,23451.316,4718.1406,24207.744
5754.278,87404.914,-11221.157,14456.684,19992.072,181898.34,158663.52,52744.707,96388.125,-44622.152,50420.91,2639.1377,-49988.895,21189.209,21523.637,16855.338,8361.273
5754.3003,79374.89,-20240.154,8451.552,14561.178,175193.97,149675.61,45237.117,87715.31,-49475.723,43557.094,-4131.2954,-55975.875,10926.2705,17755.893,7642.71,3024.9512
5754.3228,94622.266,-4496.523,23915.988,29974.92,187500.0,165792.17,61504.25,104224.35,-35865.902,59448.56,11266.219,-40477.336,-2672.5088,18769.633,-5491.332,16997.428
5754.345,106191.87,8259.662,33426.184,38912.734,187500.0,178547.94,72755.9,117261.375,-28078.24,69916.055,21566.373,-31044.451,5558.8345,23052.607,1633.0184,25366.102
5754.3677,90709.93,-7626.684,17477.812,23015.66,185018.94,162271.0,56197.54,101227.43,-41958.875,53698.48,5855.5986,-46932.273,20798.322,22242.691,16360.337,11168.586
5754.3896,78878.95,-20542.395,7594.207,13764.115,174464.0,149279.27,44685.254,88659.0,-50226.25,42872.08,-4760.296,-56782.06,13629.691,18138.688,10169.352,2348.3416
5754.412,91142.33,-8058.4966,20533.834,26825.871,187303.88,162106.39,58075.44,101973.71,-38662.418,56033.566,7948.146,-43764.76,-1458.9431,18190.768,-4231.856,14139.468
5754.4346,106231.336,8292.967,33727.91,39466.477,187500.0,178523.81,73166.2,118711.555,-27657.355,70225.89,21844.049,-30661.186,2501.6746,22478.436,-1183.7932,25795.322
5754.457,94288.29,-3752.9475,20795.08,26419.963,187500.0,166083.98,60106.727,106472.23,-39011.152,57277.53,9338.291,-43557.516,19596.156,22864.74,15091.094,14282.05
5754.479,79327.71,-19868.49,7615.6646,13821.067,174563.47,149785.1,45188.95,90480.31,-50245.402,43076.082,-4539.036,-56749.09,16032.683,18665.406,12381.437,2449.5278
5754.5015,88006.51,-11272.231,17409.035,23838.002,184153.27,158687.97,54974.43,99769.16,-41354.46,52824.84,4838.9517,-46899.797,365.6075,17781.44,-2427.869,11422.748
5754.524,105438.27,7390.18,33246.074,39149.15,187500.0,177523.6,72684.7,118841.016,-28009.955,69620.01,21243.076,-31171.23,-13.478102,21785.42,-3459.6924,25445.025
5754.5464,97847.94,6.727875,24218.943,29846.041,187500.0,169805.72,64011.887,111229.055,-36075.9,60822.52,12800.0625,-40194.7,17673.84,23326.014,13167.212,17403.648
5754.569,80494.36,-18486.594,8344.196,14496.313,175283.47,151083.16,46431.125,92702.945,-49707.754,43947.914,-3654.175,-56074.87,18126.014,19290.719,14287.504,3168.9187
5754.591,85116.63,-14218.079,14426.441,20947.43,181042.5,155669.1,52104.844,97569.64,-43969.84,49768.863,1895.9645,-49909.703,2694.123,17522.56,-167.45927,8835.69
5754.6133,103723.18,5531.0513,31805.795,37905.656,187500.0,175715.22,71243.04,117784.6,-29155.57,68048.41,19714.531,-32596.287,-1867.6224,21006.887,-5096.489,24297.375
5754.6357,101070.055,3403.679,27358.156,33060.934,187500.0,173357.03,67590.94,115419.07,-33330.855,64074.918,15978.323,-37058.234,15072.632,23580.465,10632.055,20312.082
5754.658,82371.055,-16353.452,9744.803,15880.109,176736.83,153335.27,48367.523,95460.52,-48532.547,45544.207,-2062.9543,-54672.188,19713.123,19992.652,15692.959,4528.866
5754.68,82734.05,-16599.455,11882.546,18463.348,178343.77,153330.8,49639.85,95711.58,-46245.895,47163.254,-601.82074,-52490.637,5310.6855,17429.555,2334.953,6598.28
5754.7026,101310.266,2955.6384,29713.74,35961.48,187500.0,173242.36,68951.76,115859.04,-30923.059,65743.37,17474.996,-34724.17,-2957.0688,20205.979,-6000.885,22501.682
5754.725,103746.79,6212.578,30134.646,35897.13,187500.0,176363.3,70561.85,119067.62,-30950.082,66850.78,18690.955,-34341.42,12037.22,23619.268,7713.431,22811.365
5754.7476,84866.25,-13547.885,11842.044,17959.762,178844.45,156313.73,50908.65,99126.86,-46756.7,47839.195,209.07822,-52583.04,20755.004,20754.4,16555.959,6473.1997
5754.77,80929.01,-18284.512,9822.318,16522.053,176247.6,151755.66,47697.574,94824.75,-48073.82,45151.42,-2514.7725,-54529.07,8097.1206,17510.938,4978.427,4807.8384
5754.792,98338.6,-101.47692,26923.191,33485.125,187500.0,170330.05,65990.35,113621.09,-33176.047,62895.44,14715.786,-37402.766,-3249.0942,19441.57,-6143.355,20188.834
5754.8145,105698.23,8307.227,32139.73,38190.598,187500.0,178667.8,72736.09,121933.445,-29075.105,68988.305,20785.045,-32223.771,8712.576,23441.303,4573.1226,24762.225
5754.837,87905.93,-10152.699,14393.786,20665.307,181784.48,159870.64,53967.082,103046.4,-44461.11,50734.24,3085.4573,-49908.273,21133.889,21532.688,16791.502,8952.299
5754.8594,79757.04,-19265.842,8260.222,15140.179,174967.56,150862.45,46348.6,94105.9,-49419.44,43757.945,-3774.7183,-55998.855,10946.678,17752.518,7659.966,3545.7466
5754.8813,94918.45,-3574.4463,23680.736,30525.6,187500.0,167020.94,62555.27,110409.33,-35847.64,59602.94,11601.093,-40540.3,-2712.1384,18743.035,-5519.026,17482.193
5754.904,106581.93,9313.771,33328.977,39586.664,187500.0,179985.17,73909.516,123347.17,-27957.094,70199.61,22060.346,-30990.56,5415.627,23033.316,1495.4658,25948.498
5754.9263,91171.14,-6466.8965,17472.402,23758.139,184936.53,163904.2,57400.4,107207.62,-41783.01,54089.055,6482.364,-46807.996,20702.678,22246.312,16250.009,11833.64
5754.9487,79305.76,-19397.762,7582.1147,14482.165,174319.05,151006.83,45812.43,94453.695,-50076.605,43285.406,-4092.269,-56678.75,13575.623,18144.969,10109.538,3015.3623
5754.9707,91525.99,-6939.904,20514.5,27533.908,187148.8,163907.78,59117.418,107641.53,-38526.652,56466.43,8665.905,-43674.24,-1508.3405,18197.428,-4279.241,14785.211
5754.993,106602.375,9401.323,33735.934,40211.46,187500.0,180413.3,74153.195,124306.17,-27506.012,70697.1,22649.918,-30550.389,2412.8486,22482.705,-1268.1487,26435.879
5755.0156,94662.32,-2627.3137,20827.088,27204.219,187500.0,168100.39,61068.41,112112.91,-38835.242,57815.938,10255.405,-43410.58,19505.81,22873.883,15001.129,14962.795
5755.038,79627.445,-18793.102,7579.0747,14573.427,174315.19,151874.17,46082.215,96184.12,-50099.74,43628.64,-3585.421,-56627.7,15989.32,18674.057,12337.113,3125.1987
5755.0605,88229.914,-10260.569,17309.594,24572.682,183847.44,160809.9,55796.637,105501.76,-41231.28,53375.9,5816.3486,-46797.6,330.4482,17789.555,-2463.3413,12069.607
5755.0825,105679.03,8432.396,33184.918,39951.53,187500.0,179729.11,73513.35,124699.32,-27833.465,70229.05,22328.074,-31008.332,-102.16982,21800.328,-3549.2559,26117.59
5755.105,98137.484,1123.667,24229.068,30730.053,187500.0,172146.84,64862.996,117357.15,-35828.31,61529.17,14030.503,-39947.35,17546.969,23346.018,13039.092,18143.002
5755.1274,80779.01,-17344.596,8375.735,15413.228,175089.19,153521.33,47247.926,99153.99,-49436.406,44729.82,-2319.5972,-55789.977,18028.227,19317.295,14184.283,3954.4482
5755.15,85340.555,-13115.132,14440.3,21854.486,180832.88,158100.97,52825.51,104243.24,-43720.35,50557.055,3278.42,-49640.902,2642.334,17553.697,-222.44456,9607.451
5755.172,103924.234,6625.7725,31844.865,38841.367,187500.0,178138.11,71901.48,124612.93,-28893.742,68845.18,21177.697,-32314.99,-1943.6184,21040.078,-5166.807,25062.318
5755.1943,101289.26,4543.0146,27435.225,34058.203,187500.0,175824.6,68228.32,122516.266,-33027.586,64923.457,17570.975,-36730.266,14977.145,23619.982,10534.981,21105.814
5755.217,82569.45,-15183.451,9768.965,16911.777,176739.31,155855.66,48951.773,102970.49,-48211.395,46450.367,-364.5346,-54322.027,19634.31,20037.043,15608.582,5358.0713
5755.2393,82870.51,-15436.496,11777.224,19497.562,178403.5,155858.02,50139.3,103537.484,-45932.12,48083.633,1147.181,-52150.355,5260.9526,17479.22,2288.394,7429.944
5755.2617,101430.61,4144.371,29545.455,37038.99,187500.0,175766.03,69415.69,123807.44,-30580.072,66682.586,19292.484,-34360.91,-3050.678,20256.783,-6087.408,23338.105
5755.2837,103931.77,7496.8203,30008.984,37066.863,187500.0,178935.08,71070.195,127089.55,-30540.441,67865.82,20640.607,-33903.15,11901.946,23680.893,7578.203,23693.654
5755.306,85009.01,-12274.17,11659.542,19105.67,179206.52,158846.94,51364.555,107239.72,-46372.81,48857.184,2199.8364,-52168.66,20700.064,20821.389,16494.426,7338.883
5755.3286,80999.95,-17052.168,9565.563,17630.164,176604.23,154231.25,48089.535,103017.74,-47719.055,46157.965,-508.2116,-54144.332,8053.7134,17569.99,4929.767,5644.8438
5755.351,98392.9,1131.4231,26667.555,34606.668,187500.0,172784.0,66380.5,121824.19,-32808.293,63900.777,16767.988,-37007.383,-3297.7542,19508.916,-6191.635,21004.941
5755.373,105684.99,9482.147,31847.078,39280.02,187500.0,181040.03,73066.65,130158.44,-28739.762,69928.484,22825.334,-31874.615,8677.752,23502.055,4536.242,25501.06
5755.3955,87875.42,-8968.28,14089.064,21798.16,181985.73,162255.5,54296.656,111872.49,-44100.082,51716.305,5191.8857,-49534.06,20997.633,21570.082,16659.023,9701.552
5755.418,79857.67,-17904.264,8011.513,16448.447,175145.66,153403.94,46824.65,104093.26,-48920.527,44929.043,-1479.4397,-55469.297,10750.072,17813.426,7467.0254,4432.776
5755.4404,95111.55,-2088.0999,23399.908,31931.97,187500.0,169604.92,63105.234,121192.1,-35277.85,60851.51,13982.871,-39934.566,-2832.8154,18846.076,-5639.457,18414.732
5755.463,106738.08,10782.236,32898.37,40965.723,187500.0,182460.31,74394.86,134516.86,-27439.36,71352.56,24371.023,-30450.074,5361.0884,23136.045,1436.9937,26784.186
5755.485,91310.48,-4986.317,16919.13,25161.941,184887.61,166339.42,57867.64,119351.016,-41274.645,55210.484,8789.064,-46279.668,20575.81,22323.873,16124.168,12628.9375
5755.5073,79524.18,-17770.734,6952.041,15999.513,173493.17,153547.9,46370.15,108879.016,-49490.543,44485.965,-1677.3644,-56060.902,13400.564,18229.727,9933.965,3879.0784
5755.53,91807.984,-5173.1104,19780.29,29124.412,185856.6,166521.8,59717.67,124090.79,-37891.688,57691.37,11131.4375,-43003.33,-1644.7532,18309.88,-4417.957,15678.341
5755.5522,106909.47,11273.349,32887.55,41824.34,187500.0,183043.55,74739.57,142059.16,-26870.91,71874.39,25085.99,-29885.402,2292.6633,22601.281,-1388.401,27281.377
5755.574,95015.03,-630.3416,19908.03,28889.094,186492.23,170796.97,61664.4,131073.7,-38187.31,58982.703,12708.89,-42725.785,19326.594,22974.645,14822.649,15775.929
5755.5967,80043.73,-16641.611,6615.3564,16374.374,172266.88,154690.84,46695.723,116497.49,-49420.74,44827.027,-1054.7565,-55901.56,15811.646,18778.418,12156.421,3943.6077
5755.619,88654.42,-8005.21,16272.494,26430.246,181867.4,163688.5,56369.18,126838.1,-40560.082,54550.438,8356.4,-46084.805,210.30757,17911.639,-2583.7947,12842.419
5755.6416,106085.61,10748.775,32086.062,41830.934,187500.0,182616.53,74019.375,146483.03,-27199.771,71328.67,24804.246,-30346.988,-224.63504,21916.58,-3667.6309,26790.89
5755.664,98607.16,3526.8372,23097.914,32657.775,187500.0,175114.39,65360.992,139465.4,-35212.9,62594.695,16493.441,-39304.25,17374.547,23447.695,12873.622,18736.285
5755.686,81373.81,-14893.572,7138.544,17308.14,173307.45,156614.17,47722.406,121705.95,-48864.355,45744.48,143.09589,-55191.91,17887.924,19409.184,14048.362,4457.7876
5755.7085,86076.64,-10618.197,13106.75,23718.062,179111.64,161314.72,53290.67,127148.88,-43172.4,51527.656,5730.898,-49079.895,2546.7578,17648.156,-317.7524,10042.326
5755.731,104870.21,9230.444,30509.998,40738.36,187500.0,181497.7,72430.92,147511.53,-28316.15,69817.62,23617.703,-31736.594,-2082.9814,21136.75,-5305.0527,25473.01
5755.7534,102510.195,7323.862,26192.668,36057.3,187500.0,179409.28,68921.734,145374.11,-32388.996,65956.65,20064.0,-36081.867,14770.101,23724.701,10332.251,21524.844
5755.7754,83929.914,-12350.4795,8507.499,18899.475,175381.2,159599.25,49705.207,126000.21,-47608.75,47452.242,2140.8276,-53705.723,19497.049,20146.947,15472.348,5700.8574
5755.798,84292.14,-12619.236,10468.932,21410.96,176968.52,159713.75,50879.703,126690.25,-45402.633,49000.57,3615.2605,-51615.188,5187.5273,17589.908,2215.5051,7667.744
5755.8203,102940.36,6960.579,28260.406,38908.043,187500.0,179707.11,70154.32,146758.0,-30085.674,67529.47,21702.852,-33876.28,-3132.0383,20366.822,-6154.419,23506.928
5755.843,105602.0,10388.331,28821.078,38973.8,187500.0,183036.3,71886.57,149828.19,-30024.877,68713.24,23056.115,-33403.207,11737.818,23779.73,7437.074,23855.639
5755.865,86819.63,-9291.196,10524.789,21050.785,177999.8,163174.23,52272.484,130141.09,-45835.36,49734.2,4688.949,-51648.49,20522.88,20917.277,16338.969,7519.7754
5755.887,82875.83,-14035.421,8400.881,19546.602,175335.56,158726.9,49035.773,126162.586,-47202.215,47014.46,2012.6852,-53660.08,7950.7837,17680.59,4844.8306,5811.4316
5755.9097,100310.2,4107.535,25483.158,36472.06,187500.0,177338.03,67317.086,144852.78,-32318.23,64700.7,19238.059,-36573.113,-3396.3699,19634.31,-6269.9775,21129.574
5755.932,107805.664,12531.886,30849.389,41231.75,187500.0,185770.31,74126.62,152938.16,-28182.846,70781.97,25352.78,-31367.924,8459.487,23640.19,4348.5317,25678.848
5755.9546,90196.67,-5889.953,13194.101,23750.764,181046.47,167148.05,55426.45,134364.38,-43532.395,52578.637,7796.1104,-49009.98,20845.908,21728.088,16524.488,9902.985
5755.9766,82225.39,-14958.325,7065.9004,18244.703,174179.34,158287.16,47864.43,125964.13,-48474.297,45652.41,1078.8964,-55077.473,10720.702,17963.92,7453.3237,4527.704
5755.999,97509.22,717.7369,22495.31,33617.402,187500.0,174423.69,64074.27,142251.27,-34910.07,61469.246,16488.547,-39630.81,-2861.627,18987.406,-5649.828,18419.918
5756.0215,109326.83,13597.371,32261.48,42725.676,187500.0,187364.19,75478.92,154826.25,-26997.041,72056.24,26975.852,-30055.924,5172.06,23277.242,1280.7773,26839.953
5756.044,94085.83,-2167.8733,16508.283,26965.816,184436.86,171371.16,59070.48,138730.92,-40775.91,56030.19,11565.933,-45809.21,20406.34,22481.855,15980.961,12750.955
5756.0664,82267.27,-15166.509,6568.06,17646.457,173690.33,158508.61,47486.91,126267.76,-49103.832,45246.06,1139.5591,-55702.85,13391.914,18388.133,9938.056,3916.7185
5756.0884,94434.02,-2874.1216,19411.129,30584.184,186519.23,171293.05,60699.383,139282.69,-37795.37,58339.016,13889.53,-42793.02,-1574.8816,18461.066,-4337.512,15588.264
5756.111,109514.45,13341.377,32670.314,43215.805,187500.0,187500.0,75707.914,155340.84,-27301.227,72483.516,27819.607,-29741.346,2287.9023,22745.426,-1379.1475,27141.008
5756.1333,97661.57,1208.9388,19843.902,30225.127,187500.0,175387.77,62670.96,142829.77,-38852.14,59603.746,15494.409,-42571.492,19283.5,23111.594,14791.224,15675.524
5756.156,82681.48,-15121.225,6594.8374,17570.371,173814.12,159217.34,47684.14,127009.81,-50018.223,45463.25,1795.1133,-55697.574,15804.002,18909.309,12160.534,3920.3618
5756.1777,91271.2,-6828.19,16294.444,27503.621,183369.73,168109.95,57332.875,136219.0,-41331.215,55224.59,11231.484,-45822.062,261.9848,18058.646,-2528.1836,12896.13
5756.2,108647.18,11444.72,32150.951,42789.266,187500.0,186840.44,74921.266,154710.89,-28477.732,72043.03,27591.396,-30087.373,-145.97925,22077.2,-3586.0916,26854.258
5756.2227,101108.86,3741.7717,23240.541,33547.26,187500.0,179180.33,66237.27,146782.48,-36603.11,63446.12,19294.943,-39022.1,17365.092,23594.883,12876.192,18906.672
5756.245,83833.15,-14962.706,7421.6514,18236.701,174725.44,160635.53,48700.63,128555.52,-49790.277,46917.945,3213.6892,-54724.156,17798.002,19567.344,13972.344,4917.0264
5756.2676,88427.77,-10985.1455,13476.717,24617.496,180503.72,165204.97,54313.777,133533.86,-43883.676,52991.293,9010.816,-48438.223,2530.3965,17839.69,-333.71158,10684.895
5756.2896,106973.28,8389.348,30874.443,41500.4,187500.0,185070.62,73339.92,153269.02,-29319.992,71424.36,26894.49,-31059.65,-2003.2527,21341.469,-5246.4463,26076.842
5756.312,104407.26,5997.1743,26553.18,36710.73,187500.0,182694.28,69728.26,150584.11,-33419.926,67768.99,23379.701,-35342.605,14761.473,23899.627,10304.312,22163.521
5756.3345,85838.88,-13933.697,8960.122,19598.145,176752.61,162818.12,50605.445,131004.42,-47966.555,49746.625,5765.1187,-52674.234,19353.506,20314.406,15314.769,6654.539
5756.357,86233.73,-14400.134,10978.909,22171.055,178612.45,162862.28,51886.758,131602.33,-45258.574,51785.105,7550.3975,-50261.97,5081.133,17794.158,2090.0222,8894.766
5756.379,104747.27,4792.952,28706.928,39592.9,187500.0,182576.0,71088.32,151343.58,-30082.455,70586.34,25735.688,-32389.107,-3113.7546,20609.629,-6179.408,24727.154
5756.4014,107255.766,7772.9536,29207.852,39575.105,187500.0,185580.6,72715.88,154034.23,-30145.777,71957.336,27201.604,-31862.545,11716.315,24013.486,7376.8584,25039.006
5756.424,88476.44,-12185.367,10943.861,21676.79,179702.89,165561.81,53128.89,134210.73,-45453.125,53313.965,9194.592,-49910.64,20396.572,21137.957,16189.212,8920.09
5756.4463,84539.625,-17160.709,8865.373,20183.314,177155.66,160984.61,49910.26,130145.3,-46392.613,50907.508,6866.769,-51683.74,7886.7236,17915.572,4747.1978,7404.15
5756.4688,101804.29,608.12396,25905.807,36990.418,187500.0,179298.9,68054.31,148541.17,-31737.242,68717.94,24231.035,-34424.57,-3337.8083,19879.666,-6272.593,22682.283
5756.4907,109160.89,8699.567,31272.303,41686.88,187500.0,187473.56,74775.375,156350.9,-27865.898,74907.38,30515.363,-29040.639,8445.92,23861.516,4282.3706,27197.895
5756.513,91502.99,-9868.788,13686.778,24239.908,182734.3,168766.14,56115.73,137691.92,-42818.95,56984.97,13396.697,-46351.195,20728.83,21933.12,16382.398,11639.649
5756.5356,83465.734,-18965.1,7611.44,18759.91,176064.53,159882.64,48598.37,129275.27,-47295.6,50346.523,7144.221,-52085.58,10624.209,18157.486,7326.925,6489.7173
5756.558,98568.0,-3386.781,22984.746,34033.21,187500.0,175885.0,64715.477,145387.3,-33841.367,66267.29,22804.928,-36454.445,-2849.9146,19192.818,-5681.411,20392.549
5756.58,110212.945,9367.572,32691.75,43047.562,187500.0,187500.0,75997.055,157732.16,-26290.86,76811.06,33486.535,-26769.254,5163.5215,23469.332,1231.2012,28720.584
5756.6025,94946.15,-6340.43,16946.89,27300.555,186112.61,172684.8,59559.69,141597.17,-39749.137,60872.543,18622.357,-42293.95,20296.748,22675.041,15850.472,14784.294
5756.625,83177.84,-19130.436,7044.801,18045.525,175701.5,159926.36,47996.55,129238.445,-47510.02,50260.65,8837.702,-51936.56,13277.316,18588.16,9803.163,6182.247
5756.6475,95265.42,-6768.466,19832.928,30940.941,187500.0,172658.75,61100.62,142198.33,-36041.117,63432.934,22001.807,-38875.766,-1599.2227,18693.303,-4391.4697,17906.678
5756.67,110289.09,9484.159,33083.777,43568.605,187500.0,187500.0,76016.59,158169.64,-25373.635,77594.69,36243.625,-25710.408,2218.858,23000.549,-1471.7506,29428.846
5756.692,98536.04,-2379.9917,20341.363,30683.762,187500.0,176790.66,63041.395,145762.12,-36306.367,64888.14,24545.234,-38344.35,19105.244,23406.436,14607.558,18123.824
5756.7144,83637.39,-18352.818,7216.842,18094.543,176000.34,160749.16,48108.42,129957.72,-46803.727,50973.535,11590.207,-51313.215,15668.438,19253.705,12019.293,6567.2334
5756.737,92130.56,-9903.344,17041.662,27933.824,185371.8,169556.31,57640.3,138756.05,-37946.156,60736.49,21438.967,-41453.035,261.5154,18425.752,-2545.3499,15498.79
5756.7593,109429.65,8551.934,33062.5,43156.973,187500.0,187500.0,75133.586,156780.53,-25140.863,77409.75,38040.75,-25752.875,-196.4495,22446.494,-3648.9,29335.393
5756.7812,102016.6,1276.8212,24388.258,33999.598,187500.0,180595.33,66537.41,148635.81,-32950.07,68776.63,30253.268,-34557.184,17211.736,23996.744,12712.511,21481.346
5756.8037,84839.36,-17005.81,8661.837,18751.125,176952.3,162124.52,49050.258,130271.984,-45701.832,52254.266,14826.494,-50118.805,17689.932,20004.275,13848.091,7652.8804
5756.826,89398.58,-12757.08,14664.087,25111.828,182598.17,166638.61,54592.55,135014.58,-39773.277,58205.82,21022.041,-43846.727,2536.0737,18299.576,-349.1119,13381.476
5756.8486,107840.305,6755.2783,31973.164,41931.113,187500.0,186355.53,73491.6,154415.48,-25563.133,76348.76,38984.082,-26611.742,-1980.7892,21811.951,-5232.9683,28584.148
5756.8706,105322.07,4646.5703,27649.87,37173.68,187500.0,183974.95,69880.02,151525.86,-29834.238,72472.63,35687.27,-30983.186,14691.758,24396.281,10243.0,24632.205
5756.893,86896.1,-14907.475,9953.144,20070.951,178493.27,164160.34,50771.965,131792.81,-44280.195,54326.676,18525.15,-48344.5,19274.76,20846.379,15251.244,9266.207
5756.9155,87447.43,-15082.6455,11720.228,22570.682,180053.47,164186.1,51985.754,132128.08,-41781.27,56168.348,20481.24,-46064.957,5137.236,18336.613,2143.6887,11591.861
5756.938,105992.336,4244.194,29197.748,39863.38,187500.0,183768.64,71041.586,151506.53,-27254.13,74602.89,38321.914,-28468.545,-2989.0767,21136.459,-6056.4736,27445.506
5756.9604,108663.01,7533.365,29657.146,39853.453,187500.0,186833.42,72695.1,154004.78,-27640.324,75709.97,39438.492,-28095.227,11703.396,24537.164,7378.6245,27973.164
