Oz,Po7,Po4,Po3,P4,P3,Po8,Pz,Fz,F2,F3,F4,AF3,Cz,AF4,F1
-0.28101130342085034,-0.3604144975914348,-0.16382823340100014,-0.4954247436214786,-0.17460262294730555,-0.3427363919536805,-0.10641123807064796,-0.24363045552394114,-0.48640007546572855,-0.48701627197555664,-0.4820424645824815,-0.485444948459032,-0.4822388942647806,-0.48599603511692807,-0.4859100585738777,-0.10216621354898014
-0.32805495665144907,-0.4122718491635742,-0.18027288684282955,-0.5158844367997516,-0.19337428612905883,-0.4261962243448862,-0.1219682022136851,-0.26756573662438343,-0.5338828574891982,-0.5350268746458261,-0.5295675769666093,-0.5357784898534557,-0.5297910591459444,-0.5330501269917841,-0.5352115196147844,-0.13563156657568687
-0.37194265187495434,-0.46460942846951025,-0.20054837147065502,-0.5405983923586434,-0.21523556910092748,-0.5031761986550489,-0.13866639074602197,-0.29501478875323034,-0.5748738959894447,-0.5764291128773092,-0.5697002381525248,-0.5793926518642147,-0.5699157856808511,-0.5732656840636073,-0.577807192411543,-0.16775007168059303
-0.4100820519868764,-0.5222505284360075,-0.21945513421634733,-0.5716428948549197,-0.23476294156634547,-0.5735687690324764,-0.15151088659655754,-0.32174808701597013,-0.6150030974680653,-0.6170148324392231,-0.607862478564677,-0.6207365686118218,-0.6087018315963724,-0.6124977997658417,-0.618786863878896,-0.18991708564252016
-0.4431130290547069,-0.586616184746171,-0.2368087203457305,-0.6066360450263941,-0.25135656986027927,-0.6380766960302504,-0.1623863145247987,-0.34603768417307407,-0.6627087404057618,-0.6651004092335566,-0.6530451563960865,-0.6676545771252221,-0.6553906932427,-0.6593814147285187,-0.6665040499804551,-0.20461548350226574
-0.477202901948235,-0.6545065824165442,-0.2574928362701491,-0.6424137123529433,-0.26995291954764455,-0.6968133513956638,-0.17665206716527443,-0.37246893407954923,-0.7140918944700022,-0.716537373875171,-0.7025222763697754,-0.7166542898156972,-0.706798729898597,-0.7102072012540929,-0.7173928442345688,-0.22257309345419757
-0.5158015215047212,-0.7222632179850677,-0.28196100513373534,-0.6758147850735288,-0.29179664749360007,-0.7506007760607128,-0.19370768397597787,-0.4034975793698099,-0.7614184905336566,-0.763421585499582,-0.7495731392293531,-0.7611503597377991,-0.7553540325028456,-0.7573302947570957,-0.7640427152576496,-0.24724813668953952
-0.5545867492731412,-0.7883396260301042,-0.3048757376841494,-0.7031342951183167,-0.3122592550418499,-0.8011762178848052,-0.2086197467273352,-0.43438723145034336,-0.8079543118120327,-0.8090810029970643,-0.7975241482269104,-0.8056025194303839,-0.80378061231744,-0.8039326473907702,-0.809791527552381,-0.27190072629956297
-0.5890150584454955,-0.8514973137491647,-0.32412158778313543,-0.7230154759756596,-0.32924188947780725,-0.8497119171170511,-0.22113479166964944,-0.46095200042863205,-0.8600999195838294,-0.8602589434063139,-0.8518122549302959,-0.8570364202245194,-0.8575609910038587,-0.856258719621096,-0.8610626753392687,-0.29227504485752487
-0.6212882089886107,-0.909763966211792,-0.343215888271881,-0.7393484080153487,-0.3461517916919946,-0.8965815293380648,-0.2350538029208451,-0.4857222087750841,-0.9113676639763629,-0.9109952032297569,-0.9047256708231409,-0.9088248627813068,-0.9095106881881075,-0.9078109806564093,-0.9116144312681773,-0.31157993554425173
-0.6545973668977266,-0.9625862381185223,-0.36298242828590294,-0.75780795786709,-0.36418631942968166,-0.9424194667595908,-0.2496358949294498,-0.5113381871155325,-0.9494808651479595,-0.9494751120049345,-0.9434395920367644,-0.9479808589513683,-0.9473040200789999,-0.9465457519202914,-0.9495689909489502,-0.3308984665005075
-0.6858400816344943,-1.0115064656976323,-0.37878906266778284,-0.7796474954893852,-0.3791000034790148,-0.9876036619934413,-0.2599391185187769,-0.534121810740819,-0.9754965153223959,-0.9768442729086748,-0.9694295920078199,-0.9746632775893611,-0.9725577605127286,-0.9738113601534755,-0.9762062524269192,-0.3451787498815166
-0.710587156070787,-1.0572726017091765,-0.3890971930760069,-0.801828818605091,-0.38912949411463166,-1.0306461683931516,-0.2660177181922944,-0.5504753257813779,-1.0009589851341198,-1.004210344568293,-0.995082460896728,-0.999751492876982,-0.9975715500391507,-1.001165495284983,-1.002876420280362,-0.3525962276883811
-0.7311036871608917,-1.0985357557626485,-0.3993164811698922,-0.8226756864590636,-0.39924793301635403,-1.069066093216646,-0.27365355361592325,-0.5643851311094547,-1.0286312740947479,-1.0335638138604786,-1.023639931938745,-1.0259291742948315,-1.0256185262718953,-1.0309370451829327,-1.031747596961221,-0.3583739885609599
-0.7523572866757475,-1.1348411521686024,-0.41310709544397667,-0.8436994650004296,-0.4130903419637001,-1.1023427098261598,-0.2845448522389953,-0.5815663887593627,-1.0512741403383419,-1.0570308007432028,-1.0476758008307123,-1.0465820819992284,-1.0495260253046093,-1.0551862364921212,-1.0548431243177967,-0.3645466584247711
-0.773098489044391,-1.168514178067144,-0.4265318920054766,-0.8656764890254071,-0.4267123772938958,-1.1322945530307045,-0.29351256176916884,-0.6002263103030816,-1.06830397888774,-1.07394903600372,-1.0660945051788826,-1.0621767498125163,-1.0683881627582699,-1.0727452302287759,-1.071122993878014,-0.3650294083576246
-0.7881961537386875,-1.201636393009343,-0.43547967923634745,-0.8867229555649113,-0.43533445836068735,-1.1600471978548657,-0.29765515594434283,-0.6147780311729153,-1.0873691149529405,-1.092445380764736,-1.0862253074076216,-1.0812132693401229,-1.089308082661579,-1.0910568796851745,-1.0884060516949148,-0.35700108512660234
-0.7977446446980104,-1.2332078608082702,-0.4426131503563197,-0.9052480648996066,-0.4407420166458266,-1.1844684432753911,-0.3007547597013397,-0.625297980718699,-1.1078671867174068,-1.1125037150013803,-1.10751478776401,-1.1031329920269362,-1.111095859551409,-1.109673953290553,-1.1067990511202441,-0.34910605812522955
-0.8064172410107262,-1.2614384879149765,-0.45143225181159924,-0.9214574924610843,-0.4463889324020965,-1.2044000132208796,-0.3054806146731225,-0.6356584848852447,-1.1188986714920626,-1.1233843313461322,-1.1192390640132852,-1.1161206802923391,-1.1224107255145008,-1.1180390111159784,-1.1161100720398527,-0.35112053595840015
-0.814938942091692,-1.286882167196364,-0.4590252597285512,-0.9346167300547019,-0.4501672937865548,-1.2205667858033995,-0.3084135515954924,-0.6448212774222611,-1.1176341298759305,-1.1218342767233778,-1.1185476606599858,-1.115954910325053,-1.120305292169084,-1.1137286027719269,-1.113732371535539,-0.36199490297020326
-0.8196276393158854,-1.3105995963867962,-0.46101051953331873,-0.9419240458392303,-0.44846859185211446,-1.2339606577179911,-0.3068714074873664,-0.6481064741310997,-1.11490942704898,-1.1180592145907096,-1.115997980115833,-1.1124580119424377,-1.1158976309908224,-1.108019670273924,-1.1102817585462965,-0.37504755467678885
-0.8199523647446639,-1.3305349275004603,-0.45902876300123885,-0.9417079600190067,-0.4433552879334537,-1.2437876965084993,-0.3040038260093027,-0.6457444203444626,-1.1170207333453115,-1.118136371725905,-1.117606370641977,-1.1119714309579865,-1.116067480990403,-1.1076462252269144,-1.1118043896799321,-0.38815530757915906
-0.8189226807673645,-1.3425067565349722,-0.45662338426612353,-0.9349358330961725,-0.43879068574862856,-1.2484720362726955,-0.3022203060302313,-0.6420005444733007,-1.1158609606175751,-1.1144976035271925,-1.1153250037014444,-1.107533636050988,-1.1133468910173814,-1.1048313171388722,-1.1101851229438087,-0.4003750276901348
-0.8154714631795696,-1.3440967376556878,-0.45162308588527905,-0.9218864174136471,-0.4328746441491735,-1.24757945832535,-0.2976309682320988,-0.6362137686009035,-1.1038638278267712,-1.1006346072054576,-1.1021011278296133,-1.0931686806817995,-1.100589224621269,-1.0921328477122938,-1.098031766750896,-0.4046307544615175
-0.8041353643229279,-1.3352097173515522,-0.43986475688140575,-0.90030175574671,-0.42098402949629676,-1.2413204663887436,-0.2866770847781627,-0.622948059014963,-1.0851907018927887,-1.0816214036662526,-1.0828097894987692,-1.0741336553100136,-1.081987653870287,-1.073628728164139,-1.0796850548122667,-0.3943049818497285
-0.7839516687600495,-1.31577678153994,-0.42343188685592,-0.8691817957978808,-0.4042735183957376,-1.2291081683131924,-0.27293909664800214,-0.6016967358031908,-1.0636920943576722,-1.0614987640226896,-1.0617454431665043,-1.0542747074642567,-1.061075232988507,-1.0529637946923378,-1.0590612892230158,-0.37401812923731964
-0.76044374548273,-1.2858872670338992,-0.40758175366896265,-0.8318960435913293,-0.3876204930840654,-1.2100908569529822,-0.2611062560172346,-0.5783620086228431,-1.0330143289761096,-1.0333148610931846,-1.0323998715386196,-1.0262484931847022,-1.0310776086919637,-1.0235418474348832,-1.0296827753042495,-0.35429628467773305
-0.7365367924474397,-1.2479460014901411,-0.39171104023532793,-0.7929201037267801,-0.37076887486708804,-1.1843976929007833,-0.24891852552190719,-0.555620102418931,-0.9898088591894897,-0.9927585656528318,-0.9907555988259863,-0.9854375924051938,-0.9884186694193775,-0.9817612179746922,-0.9878812124537766,-0.3377393548233975
-0.708767112832306,-1.2058794877193024,-0.3714263225891086,-0.7536002936644693,-0.3494837208300723,-1.152599860372501,-0.23211800100906163,-0.5299175277975544,-0.9456293435001406,-0.9505812641620361,-0.9476315906638694,-0.9426074531689478,-0.9447286115031208,-0.9389072507924789,-0.9448443432322311,-0.31957925862465014
-0.6757621197610114,-1.1620402387858146,-0.3483818139751863,-0.7137610882937729,-0.32504382062346593,-1.1149499143943553,-0.21354635942415778,-0.5005651615975304,-0.9129461990892062,-0.9188868438086084,-0.9151906156923876,-0.9102189637784113,-0.9126994198691248,-0.9072071369401116,-0.9128490427183781,-0.299582445554951
-0.643360551481782,-1.117288328840976,-0.3295953198564726,-0.6752145319083995,-0.30441549260043016,-1.0728406007800406,-0.1995727797166073,-0.47374115561858554,-0.8877603919744805,-0.893752337041932,-0.8897614999788007,-0.8847849569074954,-0.8884621231048242,-0.882558489746465,-0.8879722183701145,-0.2827963550452892
-0.6166215751616115,-1.0738631916343115,-0.31671214800673747,-0.6401683674464679,-0.2900047356110148,-1.0301438542540187,-0.19001105709218868,-0.453380732611239,-0.8584884322984071,-0.8640438933725312,-0.8605274062502165,-0.8552868796542993,-0.8604302784629391,-0.85353337063593,-0.8589509058947465,-0.26895047358688934
-0.5927531591159892,-1.034872495325153,-0.3040066495590006,-0.6075934496224983,-0.27680438189206497,-0.9908768993606734,-0.17937457475334997,-0.4351417824105808,-0.8242398143700373,-0.8296125471033415,-0.8273193935468243,-0.8211791096402536,-0.8277437337871614,-0.8196557880368276,-0.8254174859297194,-0.25187883235078806
-0.5671361654389732,-1.0000967479557508,-0.2881597359344597,-0.5748416330554855,-0.2613363082993206,-0.9555418204988735,-0.1664882142265121,-0.4141385582228319,-0.7908123924823742,-0.797029271012448,-0.7961125734718634,-0.7883986554391071,-0.7963468269657,-0.78721356307605,-0.7937139612069055,-0.23083889886946252
-0.5409819747478711,-0.9652169229115646,-0.27213316578203406,-0.5421914197407235,-0.2459756509808163,-0.9214609719760747,-0.15489859318008944,-0.3922603504940665,-0.7555839614820983,-0.7639580374723548,-0.7637062958165375,-0.7543478557959937,-0.7636574960696755,-0.7538529077896782,-0.7612950411887273,-0.21233794147125631
-0.5172623333213779,-0.9265948876530491,-0.25745611752601805,-0.512354759436864,-0.2320093857591901,-0.8865830620038118,-0.14457450857194298,-0.37252808253543196,-0.7120467327157886,-0.7232422712645119,-0.7225084960412848,-0.7124153119485102,-0.7227737502735857,-0.7128830653889211,-0.7207988908873335,-0.19844490707748008
-0.4938449990012394,-0.8846146413424181,-0.24070476669525182,-0.4858168039181945,-0.21593936109003,-0.8511315626138167,-0.13154540702759338,-0.35226070455524355,-0.6652832119574323,-0.6785352016301193,-0.6766151352127349,-0.6674025610992487,-0.6779696824182071,-0.6687698134968237,-0.6757692531531363,-0.18322080470047936
-0.46720874336786844,-0.8412974387686395,-0.2209307599749278,-0.4600203380294,-0.19646112087678894,-0.8155676654913816,-0.11625889062948379,-0.3282236401685166,-0.6269224661413385,-0.6401228880191773,-0.6373477456127412,-0.6305754974369195,-0.6401714138295513,-0.6324018693741942,-0.6366664596240111,-0.16419161952392153
-0.43918793270038714,-0.7973024367039665,-0.20313143488361432,-0.4331126553151278,-0.17831280837131072,-0.7791526628278368,-0.10407096888629996,-0.30350141071788495,-0.5961115663952793,-0.6068670141093852,-0.6043898338001606,-0.600884668436186,-0.608529467706751,-0.6025039351105872,-0.6028321012822822,-0.147556156727692
-0.413176793082975,-0.7529659417867943,-0.18995104987553418,-0.4051996101811884,-0.16448758424863544,-0.7411990348928265,-0.09574035663809824,-0.2822613949883271,-0.5607406831490633,-0.5676800143944869,-0.5666568154290096,-0.566370847603289,-0.5717327719208251,-0.5671395692626818,-0.5637019999356973,-0.1369942281131045
-0.3866813089462575,-0.7097878860777087,-0.176500318834816,-0.37588768921643684,-0.15055333720849742,-0.701955507009402,-0.08521777202494449,-0.26174618481559114,-0.5175240923767518,-0.5208961995983257,-0.5217640363531574,-0.5241277262394718,-0.5275193180814325,-0.5236789247428898,-0.5178765727591936,-0.12642296148884097
-0.354986080401308,-0.6685295846786331,-0.15841724990982411,-0.3444498847001505,-0.13193351016150964,-0.6615005738410804,-0.06952342872611197,-0.23682982397543306,-0.47576335986498186,-0.4769467982083328,-0.4793216264690241,-0.4836671895429622,-0.4856595474746133,-0.4820924408568606,-0.4757076244547058,-0.11034317706962005
-0.32018831850241203,-0.6276062433009093,-0.1391688502482709,-0.3134131522279462,-0.11154480504945176,-0.6194322464901232,-0.05358253433605514,-0.209332975285226,-0.44002936714780266,-0.44042345491201673,-0.44354322595159423,-0.44923494809063363,-0.45026905527574007,-0.447123701118966,-0.44142414929614876,-0.09350508900217579
-0.28899181259731044,-0.5856463098015696,-0.1237695761209765,-0.28835428249850625,-0.09444965286498087,-0.5765263369468667,-0.04192773015117627,-0.18505536489131844,-0.4047756438342291,-0.4049314697528792,-0.40816846711800586,-0.4144658726674266,-0.414746935509666,-0.4127458158994689,-0.4080651533952895,-0.08294094090621805
-0.2624679751142036,-0.5441264109896977,-0.11055932871454038,-0.27225486060010373,-0.07961007406761822,-0.5350141541339599,-0.03244381406022569,-0.1638192912207246,-0.36932922563715986,-0.36887359279139764,-0.3719435942775787,-0.37792167937121207,-0.3775715242752829,-0.37750501548808707,-0.37344146357339253,-0.07697115482518961
-0.23550228870972958,-0.5051355784723295,-0.09545634014925919,-0.2625590425657717,-0.0633240249446709,-0.4959448042741637,-0.02232610613844603,-0.14056453544959802,-0.3422025743545056,-0.34045169380869456,-0.3433372254611172,-0.3480946484490203,-0.34736105768362163,-0.3494535438680713,-0.34547159865560484,-0.06973968795898863
-0.20623733742242828,-0.46791505652979604,-0.07980278490155603,-0.2550685919129898,-0.04692543456464256,-0.4575721524242503,-0.013639527350036491,-0.11515403720071007,-0.3242137428026503,-0.3209113017936606,-0.3237637114337239,-0.326782924052365,-0.3261614501876256,-0.3296855431606645,-0.32565798560872333,-0.060782925874054795
-0.17854199377027066,-0.43023889471441085,-0.06717990285351103,-0.24783907343938644,-0.034157500104018516,-0.41765952309483306,-0.008030697254042792,-0.09287262241961972,-0.30192806617971646,-0.2975828845008519,-0.3007652726367898,-0.30206581865258153,-0.30230011673689133,-0.3056698882877799,-0.30196936485714654,-0.05201135499546452
-0.1544875956769762,-0.39225569393910587,-0.056178585094654204,-0.23969769144868738,-0.023895709518479323,-0.3763610935687184,-0.0019578037664183027,-0.07527560102340242,-0.2663704650678158,-0.2620795796487243,-0.26622476501609693,-0.26614429389866145,-0.2680881870778371,-0.26941129782571005,-0.2666127291377689,-0.04067215504870064
-0.1319816903259018,-0.3562947677042428,-0.043561673066798604,-0.22830801391259545,-0.012643778665777095,-0.33573089294660874,0.007054423964678813,-0.05859354409222868,-0.22588136599907765,-0.22289289607739776,-0.22872336660205503,-0.22757575674542146,-0.23188282420584447,-0.22969658410428045,-0.22830987837943253,-0.024597813405663284
-0.11139439674850884,-0.32352185276878725,-0.03159869419272711,-0.21256882308118408,-0.00195873478713765,-0.29759977182278713,0.014733538801286746,-0.041882865245771055,-0.19155948447419213,-0.1908707831305116,-0.19873760038282903,-0.19676065874857726,-0.20343853783791302,-0.19726253060858742,-0.19770779172039674,-0.010243442259587166
-0.09676432369275655,-0.2934299426131559,-0.02447029236535862,-0.19461490544977383,0.004229499406097135,-0.2632161868957512,0.017078060171334928,-0.028562489611054422,-0.16180257777926033,-0.1638934493105911,-0.17334485377947703,-0.17103638447640668,-0.17906267529033504,-0.16956554930185264,-0.17214852577853235,-0.005431292435286888
-0.0874310833349557,-0.26605783005412226,-0.019379182696848126,-0.17657608497214733,0.008337283313019412,-0.23353975505183666,0.018492964980350496,-0.01812709206099051,-0.13135154492334575,-0.13601205128737828,-0.14580983268080627,-0.1442573192902563,-0.15157488217158155,-0.14040814806287197,-0.14505805153779636,-0.006600042932665173
-0.07554373041686721,-0.24165667365195537,-0.00943072067056596,-0.15715827220928408,0.017183353713404334,-0.20779459128460465,0.025751538499418802,-0.0045184871239611095,-0.10414570794843397,-0.1104085004728066,-0.11910142808737134,-0.1197641229822574,-0.12390413828013949,-0.11332392501731528,-0.11931068704926773,-0.0031789336946435
-0.05587556945470271,-0.21810282825085944,0.005367679347741393,-0.13411680455201366,0.031403084550657365,-0.18239973045490926,0.0373234252378229,0.01417147748815343,-0.08461235639982347,-0.09090786285657589,-0.09760856714209014,-0.10143575396985247,-0.10067976516287583,-0.09295669875285556,-0.09899784136517484,0.00701864029968423
-0.032115090589867085,-0.19168485770632068,0.01805885307667469,-0.10822903813355021,0.04453209791567405,-0.1534312133122095,0.046234158155104635,0.03188279702337821,-0.06548249512668394,-0.07010745149315678,-0.07493685800804264,-0.08138009718119313,-0.07589327178019992,-0.072505068472219,-0.07731363104771637,0.01703759637590765
-0.009452209451442008,-0.1612163922393501,0.02585564827290241,-0.08167180886370076,0.05343399565314079,-0.1201789495482621,0.051019902717499864,0.044349448451405246,-0.03806208212846604,-0.03985740914920568,-0.04378238775919448,-0.050561979270401625,-0.04269118715507722,-0.043562625408555544,-0.04648656964822703,0.02468460278880446
0.012950088828321164,-0.12898140596552182,0.03332730358227511,-0.053990277138463355,0.06204331223327815,-0.08492954656235632,0.05607652878749833,0.05575111198987582,-0.007655652772362029,-0.006580892474717553,-0.010824935087673291,-0.014870222370339954,-0.008167644357841496,-0.011483636786175774,-0.012868730698076553,0.036102276880615236
0.03725712682796934,-0.09707410565942427,0.04349616335955879,-0.023185691620907615,0.07315657730745871,-0.049716373912379534,0.06282937839988653,0.07108147744935926,0.01519211770472559,0.01793634070396905,0.012478912318066243,0.013393464581632415,0.01600346339589149,0.01305411939395885,0.011972756104659482,0.05397013738436719
0.06075872755156274,-0.0653292878335226,0.05384738614665253,0.010199973872578334,0.08416143547481669,-0.014946056374160667,0.06874061881582726,0.0884415390708433,0.03320474552993627,0.03565607073926143,0.028693657158597577,0.0346804779575764,0.03248764600604074,0.03229231519062929,0.030018423208151183,0.0725648980223881
0.08072203228973777,-0.033482213080296884,0.06332085303706936,0.04384880380472092,0.09363882635664142,0.01932025671972887,0.07449207396415958,0.10436437517041372,0.057555216779931355,0.057900153053794166,0.04970447239038853,0.0586710536982102,0.053522222623353974,0.0567710895921112,0.05247320827202256,0.08737849193831022
0.10086892903443478,-0.002397016911144307,0.07526938095652674,0.07822322805704195,0.10481998665013574,0.05306045031156712,0.08372516977944083,0.12077423082212523,0.08869508923113162,0.08619117127233457,0.07741265398251582,0.08611332083310952,0.08135933118707844,0.08673584103735449,0.08088661526162941,0.09985105218371858
0.12621305568928948,0.02828372847327258,0.09000004119103343,0.11669945365918016,0.11860238298877113,0.08746843449862,0.09487930011220558,0.14018977041177008,0.11732096565662517,0.11276810219547187,0.1041936918125161,0.10971590829061414,0.10850347745264867,0.11352358673103793,0.10770555240831137,0.10896316910040282
0.1547869019345411,0.06100239667953023,0.1017708759396791,0.16076788655432211,0.12988425986059765,0.1241470979232758,0.10147583629981642,0.15911160691029205,0.14216006202153564,0.13764105906209562,0.12987068918872885,0.13077634639582292,0.1347143690533327,0.13713418626717122,0.13309152471729957,0.10825584115785386
0.18114286275799482,0.09675062585781756,0.10774584775357683,0.20814326094613395,0.135662428870389,0.16218716866027907,0.1024698274632677,0.17340476703940727,0.17075027301815818,0.16869532693751105,0.1618063131920972,0.1584970154945555,0.1673184725441676,0.16622861794205307,0.16485093315665783,0.09707330550441012
0.2050565745944212,0.13268352959415514,0.11340133794076881,0.2557506817719072,0.14083665767645173,0.19764102138036044,0.1046768004403127,0.18625206212361434,0.20238286013879786,0.20437173688652294,0.19783005339776846,0.19209332207284704,0.2042376691826069,0.20029875365975477,0.20118453656950339,0.08613010130878558
0.22949899761273151,0.16528608287126623,0.12381000654984595,0.3011524198048513,0.15049032125011674,0.22677838990227175,0.11212280434657734,0.20307876161393087,0.2262856037070669,0.23221288757955025,0.22523518527333208,0.21923353740833698,0.23278420775896883,0.22767230350619588,0.22942459342544638,0.08490928043318993
0.2522739677003256,0.19422830671750477,0.13535526924204389,0.34065897941604795,0.16156071608116618,0.2486848830759539,0.12014492536421136,0.22153591815582038,0.2393502933121533,0.24747205671030204,0.23965849460799724,0.23486852663996471,0.24825117522021056,0.24377655739389467,0.24479432566207077,0.09037952130165
0.2678318656888979,0.22122235189335526,0.14196034822554582,0.37026321211732,0.16819222692988609,0.2644097107609319,0.12357626759442178,0.23458884498898885,0.25062111477550963,0.25853511899087,0.25025438300309777,0.24692662081703964,0.2591260501908352,0.2564772312917742,0.25584546096227395,0.09483151075232946
0.2768692182346184,0.24703969464836645,0.1445359927475393,0.39052218452524584,0.17098865519458217,0.27567290035986625,0.12405356553339038,0.24181280756662646,0.26429247076187384,0.2703064510562038,0.2624390580753655,0.259867475547226,0.27032577178692424,0.2696627527206621,0.26766352492714107,0.09793252045993842
0.28640547780687736,0.2721713161857712,0.14791247972744911,0.40748333388324315,0.17451949291306057,0.28560554500486157,0.12500601529994326,0.24958933027065708,0.27315618234442285,0.27719405109064477,0.27038122393693037,0.2677499442477832,0.2762419381501888,0.27668351751375986,0.27458513119157585,0.10316120600938175
0.2998381151914915,0.2988054693462185,0.1526589206244807,0.4265138209204733,0.17928779243215243,0.2988111853130069,0.12574320116398874,0.26086302848842613,0.27461231167143657,0.2780790548347868,0.2720950696948034,0.26927403147245804,0.2758842940703761,0.2758751099964014,0.2751475048512967,0.10846545588219743
0.3140345915631447,0.3290584563567476,0.15664259185273688,0.44730102636598884,0.18298065438360636,0.31852261955521227,0.1254569090782124,0.2725781218119436,0.27846554235621024,0.2831802923131049,0.2770082309428396,0.274697842207378,0.2798076062427446,0.2777924800134278,0.2793458212891022,0.10958130374494478
0.3269369957505341,0.36194885075851463,0.16098471582881796,0.4663553048254053,0.1866995061176286,0.3441672482415782,0.1271395494790759,0.28308923536221803,0.2905801627417331,0.29748914666466597,0.29013792864514765,0.289224788097494,0.2933960510076518,0.28857246599242287,0.2924962913301471,0.10821747908492439
0.3404644193848035,0.3949345987339991,0.1671261568197231,0.48158507643822424,0.1926085493271664,0.37280341220711627,0.13166917354761537,0.29392604592593863,0.3020113077317562,0.3104875378197094,0.30196300002146775,0.30257422495886604,0.306350318548738,0.2991103283523392,0.3048669598785282,0.1079472687339445
0.3541577583503095,0.4281043943565287,0.17088375056139865,0.49237500165475667,0.19748613342852936,0.4019966088085372,0.1332586938439281,0.30338530361393773,0.30429249848505735,0.31240954482596556,0.3040480113169045,0.30513089319275116,0.30885814953975665,0.30060138633725625,0.3073392962383679,0.10584672223747492
0.36364438137373606,0.46428027134658445,0.16744215728259113,0.49828683370299415,0.19638354902270116,0.43021982704761846,0.12749857385703828,0.306780805402122,0.3039156016455519,0.30948369782615676,0.3032811221990157,0.3032111377989333,0.3069517671703305,0.29933464799704407,0.3061262277991413,0.09796781221778166
0.36860944510933247,0.5052209089107754,0.16066398649098249,0.5009953924202029,0.19176632618922587,0.45595777326053744,0.11968991064138282,0.3053525937160041,0.3105989727341076,0.3123401654359543,0.309683852135758,0.3075345890489492,0.3110837774382928,0.30519630423950006,0.3111983140110699,0.09022299183713
0.3753635244783383,0.550173175945009,0.15934721527421425,0.5053702948784455,0.19122731553501351,0.47853224852590825,0.11799051529165647,0.3070748498572755,0.32144635745220035,0.3196479720020376,0.3203728806298628,0.3167918573385308,0.31980603327614654,0.3158199821140726,0.3203941571412742,0.09301901589867416
0.38742610108214004,0.5976739619767983,0.16468307179984545,0.5149133625270843,0.19601628296751092,0.4991357337444764,0.12153467645913978,0.31527769362861935,0.32879489695945413,0.32509984522636076,0.3275879129283189,0.3244372465619516,0.32667315012816256,0.32409158612374805,0.32695148028779497,0.10577646688184573
0.3996464272813592,0.6456294106838277,0.16926254976830796,0.527025563693729,0.19945651109291973,0.5190352382607571,0.1228015615887304,0.32355066221276163,0.3345606606734568,0.33104686277346684,0.33329287888517956,0.3322415572308271,0.33383015140803446,0.3319850203237688,0.3334367522064879,0.11702932804354658
0.40613139820545513,0.6895252819420519,0.16868711150417046,0.535811757191734,0.19760675884048048,0.5370998263315137,0.11925093586115626,0.32576253330515287,0.3431683792614793,0.3412568634625297,0.342097078832231,0.343273642963146,0.34485168468946326,0.3432127864328755,0.3443419001464076,0.12021589392796518
0.4083755706889094,0.7242851053681492,0.1661067655545758,0.5387787117393049,0.19387455502249137,0.5510850147429048,0.11469912788476622,0.3243668410711688,0.34767330120623674,0.3474599942015549,0.3471036996143222,0.3488977950243093,0.35141602888333623,0.34960191738790186,0.35203824410063134,0.11935139445791133
0.4106266742840043,0.7496610217660526,0.1641662322295359,0.5380869552970735,0.19134086336802417,0.5613366982916628,0.1107641280957201,0.324306569248421,0.33790858322192696,0.3382327512717021,0.3378404566805213,0.33803004634892386,0.3422269779554874,0.3399224805159008,0.34507298469639053,0.11811683843204868
0.41263984410862803,0.771504548298995,0.16080061399728535,0.5364270125536144,0.18820173225383235,0.5713601646170097,0.10538591419576793,0.325299874317369,0.3177797885458928,0.31692778595745363,0.3176707697651326,0.31504967189768135,0.32085483907797185,0.3178250248731393,0.32606683963933486,0.11418990629161598
0.4127957403563826,0.796157890386652,0.15558720370787354,0.5349791104918096,0.18370626618962418,0.584419890515835,0.09959541207740324,0.3256041487148612,0.2999515425534391,0.29658447196362575,0.2988616714391407,0.29421512785453446,0.30051281550583436,0.29669345864589236,0.30718063030287573,0.1074842076367577
0.41330408363903204,0.8250255045423196,0.15234453356465455,0.5343698053803112,0.18115771668437486,0.6008612042491422,0.09728980437962563,0.32703183939548747,0.28696514413665103,0.28078002245578626,0.2840173735369769,0.27979404521897794,0.2848246665021758,0.28037660976198275,0.2915507122387931,0.10370160603371181
0.4151301543584821,0.854761040779492,0.15161060243717045,0.5333213740704127,0.1808214773174531,0.618283839995928,0.09718212875780964,0.32915179220444457,0.27274667454832796,0.26454858654857505,0.2675971888397063,0.2665185222580921,0.26874298745520736,0.2640376300413741,0.27435257644906025,0.10481682833275473
0.41134881694947073,0.8794559898434907,0.14769517657810172,0.5260574250277751,0.17652321568487495,0.6319568671757847,0.09303507211234475,0.3235194334860208,0.26046531359906416,0.2516697401242098,0.25353109065203516,0.2570433242279657,0.25589264601727957,0.2514585382119748,0.25988056107046004,0.10494516308946496
0.39329070170734326,0.890997434074325,0.13788220997059286,0.5052865083691138,0.16446378429630046,0.6347742092779363,0.08401336658170842,0.3018295625310111,0.2620920142136865,0.254012816128983,0.25448836576758627,0.26200465244682236,0.25798601753905176,0.2544018891971811,0.26062695825295257,0.10105118992244652
0.36164735063943415,0.8809256537812108,0.1281567173948301,0.4696619213825789,0.14982796822552605,0.6198331999909845,0.07716515654441683,0.2672040584158827,0.2789349506214777,0.2723185018915071,0.2721798148388713,0.28151517427783523,0.27566664934950247,0.2733580892254794,0.2778111946060064,0.09917904819099153
0.32493694680192264,0.8462940931142193,0.12437508800533112,0.4260991633434076,0.13913701764528041,0.5856121281737842,0.07653827809290349,0.23050062016347075,0.29808442552581194,0.2931295927274006,0.2936033369591874,0.30226716436159223,0.2954802547825836,0.29447182006704853,0.2980666574260207,0.10333583627634528
0.2889596763203534,0.7936369543668381,0.12332093488560417,0.3841034856336239,0.13102796118332477,0.5382959457997423,0.07687270666103684,0.19810733591360932,0.31104977245153403,0.30776445040708766,0.3095534508238621,0.31609548570736357,0.30885546713313206,0.30865706459842424,0.31236366773051527,0.10582030577018399
0.2549732243733288,0.7351592091375166,0.1184754104539724,0.35027697230207416,0.12065987025881329,0.48817566277645397,0.07194455104759626,0.17047150192186816,0.32133053356278984,0.3198271883815271,0.322320387216105,0.32695664345563913,0.3195830739413176,0.3193748591403534,0.32379176444732655,0.09660428720846473
0.22660772423745465,0.6813509170817946,0.10988641554141872,0.328129336763116,0.10891762659717144,0.444207740926645,0.06285399295580729,0.1497450313316802,0.3300605338801222,0.330491982443013,0.33185209816353667,0.3360485438533231,0.32904182439043084,0.3281178182854275,0.3332079162395046,0.07666865133964966
0.20971103041871497,0.6379289775984064,0.10199533409796151,0.31850600896190073,0.10050658944724306,0.4116088836388638,0.05387768470466564,0.13968842066875495,0.3300066937961931,0.33220862581792243,0.33047838500050114,0.33578602117215,0.3298445115740855,0.3280271964018927,0.3330842022437225,0.05458086558523675
0.20417520631777675,0.6071092036204062,0.09583092234558471,0.3176358715114559,0.09613884728805829,0.39192661685858166,0.04619800172839125,0.1381880144904457,0.3207800466580179,0.32399993182123943,0.31856005061840625,0.32546004971365383,0.32110495685712664,0.31878329809891776,0.32274916766436235,0.03541931130770559
0.20329419003695193,0.5881898225706769,0.09013467090154585,0.31807649695522233,0.09335744518671762,0.3832672553520206,0.04048963297087542,0.1381912166742496,0.31570108585450946,0.3187592957357061,0.31107029938609815,0.3185998498809005,0.31574822591241614,0.3134392268764891,0.31561566303739697,0.021160275858957387
0.20288957523352152,0.5774350004376119,0.08669661208228267,0.31491060729280884,0.09244626262846538,0.38150851886456993,0.039688140837750054,0.13705757420815498,0.3243047143918267,0.3261567810307957,0.31915176705610915,0.32555102974331923,0.32345443160936155,0.3211929955280131,0.3219438495634849,0.016473973997660568
0.20447246661543575,0.5704818022018368,0.08719861974318911,0.30956544771049793,0.09447830914371956,0.3832683410537882,0.04323573946472385,0.13781199449367776,0.3397331263818575,0.3400148558642442,0.3365078774611787,0.3403946531815608,0.33805696505141897,0.3351278833971837,0.33587652067200147,0.023943777920661723
0.20803307781663916,0.5652783595007042,0.08740221653494444,0.30576582882823006,0.09564187944534965,0.38763793455924656,0.043795127087752704,0.14056441538053402,0.35255397492221796,0.35166306269551306,0.35288314570667667,0.3541129426864562,0.3508811732533195,0.3461835952281975,0.34851506497931345,0.0365869633304393
0.20931614027574927,0.5611013902325052,0.08229013573768465,0.3042412971817874,0.09123856841180472,0.3944678569215332,0.036506906001644204,0.14077489504941676,0.36532680388580063,0.3639702892626378,0.36919115257151003,0.36887455509622646,0.3647415363510539,0.35757039755360875,0.36214696848228106,0.04495723563074928
0.20727556361589378,0.5558748579624038,0.07535223064329488,0.303956241303456,0.08436540238774373,0.4024225291391725,0.02740338006971979,0.13788870013974164,0.3826002378090873,0.38118205107881753,0.3885368298301078,0.3883337781557292,0.38376093655191096,0.3744317276202047,0.38063341388112576,0.04972646046141176
0.20715488056703288,0.5475707591895479,0.07467075936003123,0.30598957471977645,0.08275666092235902,0.41033520764704784,0.025428613202833645,0.13752709550189612,0.397455846783727,0.3958018462423586,0.403523462068578,0.40475334435667587,0.40026024710361197,0.390098715739959,0.3965679104971024,0.057650473334515846
0.2119702276749383,0.5379898147448564,0.08031145698870397,0.3124400582159542,0.08683496812884145,0.4192440581208281,0.029368457763881157,0.14172241368541633,0.40140023493513655,0.3990314062848823,0.40620981688720953,0.40928548878918836,0.4052154642434211,0.3958912978743037,0.4014077218158616,0.06685337020217805
0.21700634361111273,0.5316896742471297,0.08372217676627619,0.3225938158612445,0.08861647220625449,0.43074041815048836,0.030311672706622106,0.1443725406552808,0.39948096767957275,0.3962057996948729,0.4027042074922894,0.4071087688222787,0.4037134787695539,0.3963489614151933,0.40041955437312415,0.06717715849014377
0.21730033574909147,0.5302505769782657,0.08013214841025197,0.333385648176067,0.08352547187542614,0.4435911700553939,0.024680361714596748,0.1406254954557271,0.4018238322889066,0.3981729374018786,0.4040393945126517,0.4087624105762949,0.40637739534537815,0.40099478162268576,0.40393723312008195,0.05570386852273041
0.21489359603434247,0.5302538957506727,0.07354166056312361,0.34284105935681264,0.07570823605385295,0.45408101923076777,0.016796698036427325,0.13404219921428442,0.40658119692788497,0.403716274261762,0.4087051114673834,0.41284207029212344,0.4118691782433267,0.40750220918587743,0.4100891298938678,0.04135006281989355
0.21351711296651144,0.527806012444144,0.06813677925154332,0.35016065554111914,0.06979612976054313,0.45980017453897376,0.009986936201576346,0.12958571271649744,0.4053600239671319,0.4044634050459237,0.40802535095435016,0.4111839592310916,0.41187161315599813,0.40723981848903545,0.4101200170108958,0.03203756211179823
0.21144967621532043,0.5224478402924786,0.06294863184243243,0.35351559230816043,0.06504522879668218,0.4613644124441895,0.003621200727580603,0.1258251417241516,0.4002539333979631,0.4017872282524561,0.4034282346025547,0.40573349519625923,0.40798845739973616,0.4022865507693139,0.4055334619111643,0.02709326051300837
0.20574966674163048,0.5155468362086776,0.05751300178992607,0.3514226496931973,0.060551289685983334,0.46039315708218925,-0.0012525655115230893,0.11977382479107607,0.4001732532385573,0.4035243129343152,0.4031852464740192,0.4049461431333565,0.40836103765220877,0.40165760406841894,0.40473959440680296,0.024660806548197228
0.19900304323331414,0.5076050979183153,0.05469557914915025,0.34601489578535716,0.05869551108323594,0.4577073589333529,-0.0021019975497485518,0.11362130531763423,0.4034382447552506,0.4072472091871624,0.40544611480625214,0.40673544750730706,0.41079578399440925,0.40380833403227023,0.40594571348668795,0.025872062264735398
0.19500145644409875,0.4988298343159834,0.053885877957806486,0.3413049147597069,0.059029562847601066,0.4537615807799132,-0.002078534514401327,0.10992463144299668,0.399911372493298,0.4029028610517053,0.4006101965516054,0.4010150927956469,0.40531997507825773,0.39877705445810496,0.39938196553753447,0.02704724032916171
0.1912387710606028,0.48984851355819775,0.048754080343543046,0.33780969350940654,0.055514331018069824,0.44873659758220485,-0.00862456910126938,0.10500125800491501,0.389684198489915,0.39143966581748646,0.38978726365401717,0.3884831390655526,0.3928474553549666,0.38695947205478276,0.38591338390530244,0.018083235209292677
0.1829739513587335,0.4796633097296517,0.036955737627972204,0.33209320891436706,0.045334215262354524,0.4413320580992411,-0.022156631280973116,0.09465703563120471,0.3840755362141788,0.38516563353145294,0.38509384489315285,0.3812526076701352,0.38565122783130873,0.38012241363841553,0.3778220660099753,-0.004132975923618982
0.17215735271642685,0.46489854720210433,0.02577572724480309,0.32203268236626426,0.034849798322875145,0.4292047054316849,-0.03356492637497857,0.08280268187854108,0.3869368564830692,0.3882741106464857,0.3902192384192895,0.3835803214555916,0.3879720943439221,0.3825103385333502,0.37967258700616086,-0.028425423404820457
0.16460713336884067,0.4435356282118947,0.02220125714056167,0.3091579399178559,0.03074388304210448,0.4117166663653508,-0.03656414528104835,0.07632400367210315,0.39000653128537616,0.39189235575522774,0.3956477824972304,0.3869138701345003,0.39104881469931985,0.38585934390310833,0.38315988025914227,-0.04279567949101216
0.1597270364503836,0.4180092285003529,0.02251638360975024,0.2949853324688553,0.02982167218933127,0.3909205208341105,-0.0360205015517558,0.07371872577486063,0.3890851995586775,0.3907254502626402,0.39557415254455697,0.38630615433567767,0.3896594209327948,0.38541790521522185,0.3832286689956134,-0.04884891130338833
0.15085446563878124,0.39228821228536054,0.017961227275555727,0.27856958355207917,0.02395257024801313,0.36875970910268885,-0.040095299985597466,0.06690931411637402,0.3893234492532517,0.3892719547056961,0.3943300829883743,0.38629110802407474,0.38822817293968936,0.38555684974861537,0.3840203587830118,-0.055704993723834015
0.1356185392997375,0.36700805805624764,0.006528372655413879,0.2592099776081698,0.011501803443415884,0.3444365065188837,-0.050095458252217104,0.05313530015870103,0.39007869481514174,0.3873332548452054,0.391892856730323,0.3861735525567971,0.38631300695519466,0.385294282651688,0.3845862672801509,-0.06574086165167067
0.11846756377708918,0.3396870261769981,-0.007039841731316192,0.2383963109570982,-0.0025286516395472683,0.3155587376308632,-0.062267678916974774,0.037199303741962675,0.3801986875533975,0.3751082111020387,0.3787934123058232,0.37525451894497436,0.37382109003842395,0.37402549559064574,0.3744035605726972,-0.07448072339530556
0.10243870035764427,0.3086888339067338,-0.019144851886034334,0.21718109281380893,-0.014627208617942535,0.28090775047819055,-0.07380732383402488,0.02246992606355103,0.35601541179079554,0.35025337538596546,0.3529891176473757,0.35039899557238985,0.34827986713452724,0.34924099894647287,0.35078596205228463,-0.07953864851575485
0.08592181296933289,0.27473423433417743,-0.02867011382394801,0.19459736251844667,-0.02446189920722975,0.24142493280810737,-0.08235163949042887,0.007684279759669072,0.3304958594670056,0.32606270245483693,0.32799807609521714,0.32478852290003246,0.3231425208259843,0.3247937121163959,0.32721249591044405,-0.08117318592037151
0.06896085249320616,0.23962253152340257,-0.03391960052374683,0.17100717714054242,-0.031173176705003188,0.2000358308288666,-0.0852660834328406,-0.0069383690746711016,0.3154990709503862,0.31346707161720966,0.3149527978267381,0.3100757228713734,0.3096746196617722,0.31237291427330255,0.3151741819291936,-0.07826416704735202
0.0552847271133397,0.20604326803930156,-0.035553797904780714,0.15029494770754742,-0.03514789216296087,0.16161318705825523,-0.08518376612575271,-0.018507889752195562,0.30671085679462895,0.30662050519597617,0.30818369243326416,0.3014980671227952,0.3022526684171765,0.3064326988964708,0.3093188932335159,-0.07261297440732807
0.0454678984869761,0.1776153103775128,-0.040111972183671386,0.13577840605263877,-0.04164927094533067,0.13115951275041726,-0.09107692627814375,-0.027883056696671543,0.29551108275115895,0.29582540935883156,0.2980166434815325,0.2900598521811255,0.2911014606135328,0.2968624315723299,0.299970451564191,-0.07338801522861997
0.034801305474246494,0.15582855036590923,-0.0529193678234361,0.12580254112309341,-0.05514800776186371,0.10958246698424012,-0.10711971911350601,-0.03955205095297769,0.2840305416880595,0.283259507310679,0.28637911911278674,0.277896696154037,0.2781507103632026,0.2850387652218621,0.2888711081902296,-0.08718438161565376
0.02111277123352434,0.13709275019280953,-0.06891944671084596,0.1161481467217988,-0.070854609679633,0.09194461451607833,-0.12466494615740326,-0.052785786023852914,0.2769075966453818,0.27455619396936,0.27846684302487024,0.2701719705802553,0.26896510049057626,0.27605505338078723,0.281154605349558,-0.1057827900233955
0.008489335248830918,0.11608551640761712,-0.0782720869384617,0.10514955810423415,-0.07946425820811577,0.07214585563360854,-0.13249924616877307,-0.060330852651077904,0.2684043979260168,0.2651288936089021,0.269361911017747,0.2620060710826418,0.2592747441756266,0.2655258964410329,0.27200273416779486,-0.11399749806537941
-0.00017208685261366728,0.09270081282870508,-0.08028270306115146,0.09359339170222529,-0.08032217218596582,0.04942824078222802,-0.1317586901288998,-0.05904414559255576,0.2512686477625942,0.24831699072185287,0.25240484945017894,0.24683637308442702,0.24290149360791452,0.24763494138020495,0.2547883078645151,-0.10886024871153811
-0.00797540033301461,0.0729925957624476,-0.08369298887429172,0.08108002287790214,-0.08220612927137264,0.02880893298826493,-0.13301990346588857,-0.05480080049836408,0.2309974916028764,0.2295342564339882,0.23323678857608687,0.23014721368504737,0.22538155858629966,0.22860144369293803,0.2350192141028251,-0.10100339809327653
-0.017137829588357262,0.06234642667056693,-0.09302421039421453,0.06566544827483389,-0.09022634355908375,0.015327068979288023,-0.14114278238482267,-0.05312928395147082,0.21787244053623098,0.21870372982737477,0.2218871891941547,0.22132311116175857,0.21604173186826836,0.21834715788341255,0.22260532914317102,-0.09741339531351711
-0.023569684674090888,0.05982228401248491,-0.1031639739584352,0.046059177855086335,-0.09986524383843436,0.00920501331701875,-0.1513240734246159,-0.052012113196121,0.21081423051211468,0.2145012167101077,0.21682981217410563,0.2178570225846962,0.21245766855575596,0.21456015690102503,0.21608446969554315,-0.09406298282745945
-0.0240092181081443,0.0595487152898528,-0.10905213536102003,0.021051446814753065,-0.10598440949006199,0.005940355918597078,-0.15879474311853867,-0.048751038602211604,0.20263544293627397,0.20958852077950593,0.21045646828472045,0.21132045706016034,0.20641192659956625,0.20859981283561865,0.20806411285798715,-0.08742312530816607
-0.02335424184723415,0.05498377975908475,-0.11231806971426975,-0.012109633609982382,-0.10984343057093322,-0.0009382261458795644,-0.16362122420923866,-0.0471169849492645,0.19578296822873864,0.2060340504461464,0.20496657002500437,0.2037656550300377,0.20003367952074455,0.20197926690806797,0.20104015126746175,-0.0819972938443006
-0.028421999382068894,0.04135438309282854,-0.115430913481589,-0.05472337192008315,-0.11390181093259619,-0.01670387000289846,-0.16583656868535618,-0.05128619467740655,0.1976393246666312,0.21042919614658295,0.2076831552841453,0.20322266377208473,0.20107779558096853,0.20208594495264715,0.2027131525028066,-0.08223892499020818
-0.03835764437944711,0.017818293771578522,-0.11732377976956933,-0.10177870455139418,-0.11717502507210792,-0.04176651310212674,-0.16476044081698976,-0.058134122834485845,0.20357805443572513,0.21719585094559363,0.214000224533834,0.2063706855351107,0.20567917344956088,0.2051259110392345,0.2088249001996859,-0.08678828411466431
-0.04763310911329543,-0.010071741115214677,-0.1189561787424473,-0.1435353361940155,-0.12027078577709163,-0.06958189709868433,-0.16480281487833132,-0.06243011498329429,0.20085809226446655,0.21304205829307368,0.21114396638003569,0.2017408041726984,0.20186990910293154,0.19950441930745458,0.2066393835643099,-0.09557703321974227
-0.054849930643199804,-0.03240915574661764,-0.12563024103132023,-0.17281394084807286,-0.12809303765144953,-0.08996812092631533,-0.17325668133200942,-0.06513143865372514,0.18876247715633915,0.19753917760409812,0.19827585157270566,0.18930722590525575,0.18940836113390208,0.1853873069569456,0.19493173159557742,-0.1129322305012786
-0.06138573533168946,-0.04257649539028544,-0.13811731819099474,-0.1884760383207636,-0.1416290482566952,-0.0963909537002276,-0.18887045580614387,-0.06923525182909887,0.17920832830781808,0.18367867509043642,0.18720345801855937,0.18095423482481923,0.18022572097877476,0.17496687943476708,0.18499974203651956,-0.13689441843611594
-0.06449758400152233,-0.04240874860728193,-0.1478189376055301,-0.1922381195156265,-0.1527410480723478,-0.09004310475403446,-0.20005777937342475,-0.07151549298858746,0.1763090881613528,0.176883497628837,0.18210187058212904,0.18021610765143323,0.17802026767189388,0.1720396505655142,0.1807999931886939,-0.154175380542045
-0.06050633118183081,-0.03858985370756726,-0.14747635579659665,-0.18603296981629383,-0.15400604001043916,-0.07711270829318057,-0.1989858674740103,-0.06709728896384023,0.17100172967774244,0.1689670665986879,0.17424108095992835,0.17719420817758538,0.1731333341332723,0.1669830051344854,0.1737382402045252,-0.15468548774964166
-0.05401956882234,-0.035734549772502976,-0.14221882742558245,-0.17340427080897963,-0.14989445434048138,-0.06372160784015768,-0.19172083459084718,-0.060121526043442605,0.15880585432958416,0.15558600293510044,0.15971714313906715,0.16663808099655045,0.16070016417617186,0.15501086554734328,0.1601221076185383,-0.14553120257998214
-0.055570968161591267,-0.03482357080604831,-0.14341735594787824,-0.1595070662474118,-0.15156978621961179,-0.05372159520864598,-0.1901764283897321,-0.06099641032865005,0.14699853418163292,0.14364418974022972,0.1464604848755518,0.15545405993328168,0.1481274340805887,0.14363604751374462,0.14793141069708884,-0.14236277933641575
-0.06891955532589074,-0.036152470611241556,-0.15479715817874723,-0.14736958813292877,-0.16329272856503424,-0.04869898495588618,-0.19899716591852998,-0.07304988511780754,0.13859911196159572,0.13576133830098996,0.13794897368135456,0.1468712372629529,0.13901258218044985,0.13643021536806363,0.14051334957446285,-0.15093556889256854
-0.08723155551668194,-0.04026779077454394,-0.17036954623310988,-0.13651944025328805,-0.17979829887394125,-0.04767987259848706,-0.21402488043885273,-0.08924925846166346,0.12422127562246747,0.12241793839700989,0.12479157379405384,0.1321069633605026,0.12453051979540605,0.12425964145447022,0.12824808149060046,-0.16427028521974932
-0.10247478797890196,-0.04625556384324049,-0.18274587609024354,-0.1266993302795827,-0.19426078137509795,-0.04738057368806368,-0.2281671069947268,-0.10209945420426597,0.09781447175831089,0.09761949103266818,0.10039581333100717,0.1056219361674032,0.09867725161389058,0.10059098968982273,0.10431751840131907,-0.17348544518449252
-0.1118726554855512,-0.05160545478155224,-0.18760403214963858,-0.11986010755174935,-0.2026935325835878,-0.04424138685924632,-0.23455323593482774,-0.10953811650957881,0.06747038556173064,0.0694442712560503,0.07203507226526334,0.0755510047897719,0.06902219998924594,0.0725319345493978,0.07590089803036515,-0.17390155539972518
-0.1144227335836546,-0.0537649769146729,-0.18357670293995673,-0.11636198239679123,-0.20329409913934834,-0.03615067821214337,-0.22984337551454048,-0.11106490127002676,0.0416997423114051,0.04615964051328446,0.047616563121235175,0.05006794847699354,0.04345789681059359,0.0478570719218338,0.05098776011048187,-0.16512307130305795
-0.1090218606819265,-0.05038498299778876,-0.17487593656577377,-0.11230719542405612,-0.1986298891288127,-0.022154668115084215,-0.2201053623072278,-0.10633111789420845,0.01702605277356462,0.02385793315472629,0.023648830271968117,0.0254326948863783,0.01836190870330879,0.023173960022132716,0.02620822797764263,-0.15399280952138905
-0.09893823298201651,-0.039459889790698525,-0.17137655256278922,-0.10391181813238512,-0.19679151972101736,-0.002420889187448517,-0.2181859388302903,-0.09932922726864761,-0.010712452773207141,-0.0020635173208061013,-0.0035119139043988477,-0.002344064193143855,-0.009945669704357302,-0.004905855258807161,-0.002050999223425175,-0.15375274307054537
-0.09131218506985565,-0.022143184797477924,-0.17833436572193942,-0.09272825608531736,-0.20299933892319838,0.019977006618659775,-0.22862945542604515,-0.0963357323445373,-0.03406881975108812,-0.024403545377822522,-0.025834572304546343,-0.02529414237707501,-0.03325726694466947,-0.02815988319823281,-0.02570069272024994,-0.17028922096673993
-0.0886037999943951,-0.0047421716454082476,-0.18749916324533134,-0.08366200632933621,-0.21086226180773887,0.038929306566969135,-0.23952478932543123,-0.09707071761719224,-0.045039802449221164,-0.03508867270458945,-0.03519559166358979,-0.03502661553279162,-0.04305800879714992,-0.03844007542001307,-0.036334116629196264,-0.19123300639887036
-0.08627221837189483,0.005593761824845009,-0.18622823484733045,-0.07937751138253904,-0.20934567984173405,0.04964772103997787,-0.2365360551037825,-0.09482569554944398,-0.04912793744651316,-0.039305608153387836,-0.03764073961366675,-0.03727609548612674,-0.044935425474948755,-0.041839465407186444,-0.039605503955413644,-0.19874157755932165
-0.08207534886434308,0.007902687505195394,-0.17462378760355698,-0.07941529140915973,-0.19813343384556675,0.053135508633468116,-0.22147199929402372,-0.08801896186128379,-0.055590126305864636,-0.046019313678000835,-0.04335545997764623,-0.042234318681014286,-0.04886145272721944,-0.04850961522714515,-0.04558367187906503,-0.19215966152933453
-0.08115078731202728,0.007750484364680663,-0.16543015789328544,-0.08304175582487798,-0.18820291088898802,0.05462759970259519,-0.2090329306105941,-0.08416279831982076,-0.061432062382797505,-0.05225137906886653,-0.05008165337895908,-0.048095244660570635,-0.05292801658029299,-0.056025028869227,-0.05231447158801229,-0.1878407602354709
-0.08736259419859103,0.010306223977907626,-0.16675631206077654,-0.08937681653307915,-0.18642257664994402,0.05775778841454716,-0.20776419246682787,-0.08841039265297262,-0.0587003665800415,-0.05040235330714134,-0.04990195465141905,-0.04761395541784534,-0.050146369957173434,-0.05624664644655668,-0.05230274041887971,-0.19662895349313703
-0.09576570694182042,0.01570856459457621,-0.1734532021678747,-0.09564105732200386,-0.18776876621887342,0.06172600633313577,-0.21281096116180565,-0.09536727956942545,-0.051340374401408956,-0.04479938452887101,-0.04598609526423419,-0.04442457710201644,-0.04473030535435557,-0.0522128960762271,-0.04891738176089751,-0.21240202180934153
-0.09949661745793945,0.021489945148258773,-0.17700195811619304,-0.0989733306804329,-0.18484956317312898,0.06359472238239607,-0.21601824085824306,-0.0975291415872534,-0.05014555683334083,-0.04622183736019246,-0.047909655569953725,-0.0480289920191302,-0.04671092265508585,-0.05357729545154604,-0.05173440995080181,-0.22429220954194715
-0.0991912741570035,0.025993969524619204,-0.17516260822161417,-0.09990498744588602,-0.17695324847864632,0.061167794728770604,-0.21383597285120562,-0.09548767250957721,-0.05529036476584694,-0.054261597883027236,-0.054822581421595046,-0.05696617624596664,-0.05470528508656119,-0.059781577621520976,-0.05992942799867986,-0.22877702148942566
-0.09945791855640618,0.027755432004113633,-0.16896844448615378,-0.1009316277911333,-0.1662590572887356,0.05370654898063875,-0.20505522443267424,-0.0938031674457875,-0.05881537053366459,-0.06007069695709263,-0.05845634816356803,-0.06215679976071742,-0.059220072128201774,-0.06291155800947903,-0.0652994339063943,-0.22611557941369909
-0.10059712750610332,0.024563840443096268,-0.15902077068427103,-0.1018098119089326,-0.15313870714655212,0.042406071567417505,-0.19053787658234098,-0.0927156516353864,-0.06143040402562052,-0.06370034826334192,-0.060035299223446796,-0.06426690933826675,-0.06040507053082943,-0.06437391793215876,-0.06892632745376115,-0.21628262281349436
-0.10084167278401661,0.01566545773788621,-0.1497177149041834,-0.0995116545943482,-0.1403883186934037,0.031086665415540046,-0.17776164309697368,-0.09112563310102113,-0.07079974428120306,-0.07280441195136511,-0.06821969885769191,-0.07192377345442323,-0.06676501449301966,-0.07269284043933583,-0.07890129207558944,-0.20480963169401797
-0.10292523338987902,0.003019397827388569,-0.14924217665701914,-0.09288808051036414,-0.13492049579446191,0.02433410105661841,-0.17660224166399371,-0.09268158687008268,-0.08377862723553771,-0.08484676374011035,-0.08077224761233467,-0.08332136689381515,-0.07693619102772604,-0.08525044292824689,-0.09204953940905196,-0.20270496815834674
-0.11013258246807284,-0.011687974278013703,-0.15841273487528795,-0.08389912510629079,-0.13828715716651632,0.023503771061049183,-0.18585848633920773,-0.10029338305939138,-0.08690528215609299,-0.08711610324639255,-0.0845755803190919,-0.0859328455789301,-0.07909076881401837,-0.08855866278925771,-0.09435389822090186,-0.2119843188651494
-0.11790152622434573,-0.029290645094618893,-0.1652079164749612,-0.0736905099736396,-0.1406799151188379,0.02573595508057203,-0.19084565595692105,-0.10780088590418106,-0.07713214483458845,-0.07690808986233855,-0.07623350628277832,-0.07679349054368143,-0.07069410019064509,-0.0791045275667307,-0.08221958225873295,-0.21847140663117753
-0.11791233515285614,-0.04994629940348346,-0.15781830303941843,-0.06103608112349723,-0.13186647067028012,0.027906752429881918,-0.179730680285968,-0.10615896428986617,-0.06719953377958508,-0.06675451127129775,-0.0677258160371956,-0.06799468408800899,-0.06369755728306734,-0.06906165471810868,-0.06865777621520489,-0.2080243143092381
-0.11033255716522777,-0.06942242516882023,-0.1397152184422441,-0.04587879444050887,-0.11503984720341662,0.03032366643415481,-0.157517988482395,-0.09678818886940471,-0.06685120588016359,-0.06603768726713545,-0.06815586794852453,-0.0684525858414594,-0.06644168819820753,-0.0678919910000494,-0.06482250224689398,-0.18518425723479554
-0.10421648530848134,-0.08178714165901914,-0.1252344629541651,-0.031085235973003247,-0.10298887152677665,0.03546255723507411,-0.13943076283827913,-0.09041210226257508,-0.0730701528817853,-0.07178338638680609,-0.07442238084221604,-0.07473667199296728,-0.07485082266340964,-0.07280890935847151,-0.06956409315392541,-0.16750570607575355
-0.1050074830186382,-0.08558428526900859,-0.12272637429167166,-0.018999387660328042,-0.10244593660863359,0.04417352151408483,-0.13451929500649923,-0.09254216956295261,-0.08315237387406384,-0.08186255112574395,-0.08429017079941034,-0.08438534418238747,-0.08597950478991036,-0.0817309317384311,-0.08121645665325208,-0.16483353210884902
-0.10876526543095758,-0.08525766601496541,-0.12763558114084017,-0.009210593194223798,-0.10803430095462771,0.054247613571171874,-0.13919896030711162,-0.09763051872056205,-0.10169598081559589,-0.10146392628037301,-0.1028934260008138,-0.10264166437349939,-0.10473087912872651,-0.09980063561494776,-0.10372586236681955,-0.17119887160646352
-0.10995021821297592,-0.08686596657425133,-0.12953734994045682,-0.0015766622189760113,-0.10981266480703467,0.06181216409135415,-0.14218953240994942,-0.098179317508274,-0.1267006379800086,-0.1284577135857095,-0.12826033475687265,-0.12800471787482953,-0.12937070676791212,-0.12498541002433804,-0.1330152261162764,-0.17358534943020745
-0.10796510420183815,-0.0939672202040518,-0.1205792105563191,0.0015512773334798707,-0.10142578684278347,0.06328587056740766,-0.13233772740560812,-0.0925936756446982,-0.14309230371469578,-0.1466924970841648,-0.14473280940871033,-0.1453350061063711,-0.14479270026665614,-0.14155554380636423,-0.15172708477473326,-0.1619660316849147
-0.1041626244530144,-0.10638847254807808,-0.10014780687924656,-0.0013620102671700037,-0.08327097840914198,0.05729643455086516,-0.10730117868533581,-0.08326996300920421,-0.1410392475659439,-0.14494538389799344,-0.14182952623240358,-0.14421773818299372,-0.1411020169693236,-0.13898207750325997,-0.1489282002565881,-0.13511743876434779
-0.09911268693983656,-0.12034956625953787,-0.07748080913757485,-0.007979603007136713,-0.06376173326039541,0.04609166718319511,-0.07932486896109248,-0.07404611133359809,-0.12991683887880429,-0.1319671040257511,-0.12895033627450578,-0.13340964362338686,-0.1279764549753604,-0.12667645874701308,-0.13476534784639513,-0.10461662310006051
-0.09531146998877298,-0.13046320372590003,-0.06665310305134277,-0.0151103808251885,-0.055083090052785236,0.03408639340046647,-0.06659355057320596,-0.07069669297276104,-0.1235606028565088,-0.12236941657542443,-0.1208415660543328,-0.12660950866693918,-0.11992706438275405,-0.11945772900597343,-0.12521081485743898,-0.08904449142650746
-0.09612898399099734,-0.1345514352409729,-0.07152011710424856,-0.022735848095616358,-0.060357477298086375,0.023594103818946312,-0.07236304065712937,-0.07639444404452775,-0.12173396178729333,-0.11768429815029549,-0.11847155963701718,-0.1240373567550543,-0.1173194780639592,-0.11832700223429514,-0.12208429429357066,-0.09462387629478079
-0.09898513370974553,-0.1365002810445919,-0.07755481185147492,-0.03209808615064427,-0.06624107195417554,0.01290903563289722,-0.07751734908134894,-0.08439963594010907,-0.11755722533847576,-0.11259940439380232,-0.11552825102001839,-0.11946342725102943,-0.11333608575715863,-0.11678568370880418,-0.11911663498605769,-0.10405805853310204
-0.09576485449929599,-0.14172280263591866,-0.06656634276511708,-0.041516051795987836,-0.05599788231304614,9.404641263507929e-05,-0.06134677030926357,-0.08256085996423869,-0.11365618301817869,-0.11005805710849512,-0.11408721405577518,-0.11577751954275071,-0.11008992978728283,-0.11641374583532543,-0.11782746422537352,-0.09446567091125085
-0.0836574112720059,-0.1497287181600741,-0.038640527812205706,-0.04739171518683253,-0.029827564516838115,-0.012457491796640944,-0.026024078719975724,-0.0682329339357002,-0.11722795984530018,-0.1162425619036967,-0.12005414739472128,-0.11979769432184888,-0.11411673003648949,-0.122479393228612,-0.12350698909911484,-0.0648812488413137
-0.06961523238645514,-0.15395547949155558,-0.011344035156575168,-0.04836494301847101,-0.004499422966314771,-0.0194698562283586,0.007549502789148654,-0.05188930822274297,-0.12589567466004795,-0.12733467699299955,-0.12993890475550823,-0.12843761896355196,-0.12274563806371191,-0.13111163993073577,-0.13234811300810703,-0.03557444385231688
-0.05986676753751131,-0.14934324731848436,0.002624942219862276,-0.04553326631812644,0.007719518394428722,-0.018499888603363705,0.025209398337502294,-0.042446183470208426,-0.13216241472052523,-0.135085295032852,-0.13602834365250913,-0.13380813350865486,-0.12875524940086067,-0.13485614055846826,-0.1366701698092317,-0.020796543269686038
-0.05106401998171999,-0.13734423308043348,0.008125274951341514,-0.0396914936916783,0.011568477821070384,-0.012326455648878121,0.031893194714504955,-0.03620445935876209,-0.1365799218385539,-0.14040016157086246,-0.139531028603572,-0.13681544970696538,-0.1333019459432403,-0.13587900076088408,-0.13805754184468924,-0.013887202492651666
-0.0372080267686289,-0.12302610832584701,0.017052147432429703,-0.031751275788595934,0.018846769758061592,-0.005959654614665827,0.040636815468961335,-0.025043086169443726,-0.14272237382182082,-0.14775010074434447,-0.14487918043857304,-0.14192514895855146,-0.14039849379185565,-0.13984956631783302,-0.1416594242461152,-0.0007782921331952117
-0.01978748192795002,-0.11051891474561393,0.03485555767376415,-0.025130913337005675,0.03497869575021266,-0.0033145262823064984,0.05963232428540921,-0.00840292250633361,-0.14385250237855474,-0.15084494018021347,-0.14569488977345707,-0.14308347956318687,-0.14317580587041714,-0.1411601495510186,-0.14189473766967986,0.023998818456680865
-0.004513065362615943,-0.10250055289135428,0.06065544305367909,-0.02376799697582614,0.05891431212848755,-0.006497738318602784,0.09061754363437279,0.009214725385594922,-0.1301271825223546,-0.13930319728672302,-0.13185123716695932,-0.13026284615199724,-0.13106693125993296,-0.12936601645217205,-0.12897329238058974,0.058626410947340654
0.007404746137210234,-0.10056265391582866,0.09110589693372305,-0.02729191018446309,0.08737421138422888,-0.015380090359092187,0.1292254847530285,0.02628785009207607,-0.10699035309365336,-0.11741443255163371,-0.10832049023703795,-0.10791597598103808,-0.10861918146362727,-0.10804358242051758,-0.10741719013149995,0.09906760304063855
0.017511408142107377,-0.1033496288254381,0.11835814390096286,-0.03134941169508087,0.11313666419834623,-0.026663742349155608,0.1632980518462358,0.04209267272693288,-0.09088163498876466,-0.10077251860395174,-0.09146082655143645,-0.0915014864661383,-0.09181463761592311,-0.09185681913460379,-0.09262975743352501,0.13591001625134141
0.023680920617353832,-0.10673482036562663,0.13253694626457813,-0.0332250018037493,0.12675657520011882,-0.035594394622466996,0.18043575142187823,0.05184544703697926,-0.08662699858481701,-0.09435079645816652,-0.08659133681086237,-0.08575986671557054,-0.08583668490576671,-0.0852175315581819,-0.08909034209415535,0.15701289754968192
0.024022145984498273,-0.10885530993833319,0.13450639944355852,-0.03419799917155272,0.12836026899592792,-0.04049078503194967,0.18363759143230737,0.05342109169307418,-0.08393241773206883,-0.08891132132913647,-0.08415659327021906,-0.08135457821935657,-0.08139793641778748,-0.07905741720793914,-0.08690238905783734,0.16344482219893017
0.02495027002306575,-0.1134815389449278,0.14089953036407765,-0.036010610881173945,0.13313769303948,-0.044634591109533564,0.1931339865885009,0.0559090524069117,-0.07701269541064511,-0.07991597914229215,-0.07880436533224956,-0.07375540169303563,-0.07374368568782856,-0.06957430447395604,-0.0808408469132671,0.17567719787892333
0.03603214064291758,-0.12542523772881453,0.1677248975052053,-0.03839836464521559,0.15648190090983918,-0.052414102760013494,0.225901679950138,0.07151368979985304,-0.07163126882429975,-0.07380287134349103,-0.07605791997198046,-0.06928474355155029,-0.06904673923734109,-0.06389853953383312,-0.07680826546640342,0.21296010178301433
0.05643902568184277,-0.1433364343130327,0.2110166621400887,-0.04091721373154866,0.19530116376355183,-0.06435386700428229,0.2764556016990166,0.09908588845557864,-0.06940667107540179,-0.0720065301917311,-0.07668008013329272,-0.06901924052426865,-0.06851033012839935,-0.06353533939656841,-0.0759709993038497,0.26954109789472486
0.07475478752788138,-0.15970958309021557,0.250590245672602,-0.04354649668206543,0.23090848113485032,-0.0768663824745401,0.32258398008640055,0.12427186602812532,-0.061450892182437836,-0.06489704945334279,-0.07076040913312313,-0.06290249837519041,-0.06236281004133746,-0.05823112537383239,-0.06864540920280185,0.3201440306328592
0.08391672275820107,-0.16793438662204732,0.2720079273599208,-0.043846619241198065,0.24973791352947736,-0.0860323585296204,0.34773951101326245,0.13714177495147475,-0.044177343224087895,-0.04817880802553583,-0.05408616528134556,-0.04645587303010454,-0.04628223130382865,-0.042842542741794956,-0.050615513978172634,0.3476256624958337
0.08943136441210091,-0.16759305470005464,0.2800197468766743,-0.03704440946626706,0.2561183324612586,-0.09070425586646601,0.3553715939092399,0.14260530116237366,-0.026877231414904543,-0.030901008255896038,-0.036036082671148044,-0.028938070493945867,-0.02939234485624033,-0.025944553483036346,-0.031212663321923267,0.35902730263724325
0.10083195109637938,-0.16340363364269497,0.29213308314989067,-0.02157366867414866,0.26592067214496284,-0.09271560525055564,0.3651276671320825,0.15221171244397771,-0.015441405645077736,-0.019177676637555402,-0.02316986990258528,-0.016920949608036917,-0.017944015940845402,-0.01380118504477759,-0.01712721566060899,0.3765467988405698
0.12120883592476236,-0.16079688829487906,0.323154828417761,-0.002059329798868007,0.29218853400743194,-0.09487584494920882,0.39703232260852606,0.1721247384375528,-0.0021206491540976175,-0.00558220697949737,-0.008503472825521642,-0.0033882036338853164,-0.004665901600783691,0.0004726075801269585,-0.0016583216745358989,0.4177243097806839
0.1471185909414961,-0.161766476550137,0.3728851032169882,0.01566862259252545,0.3346942308698807,-0.09791474477643394,0.45343758327664074,0.20028024390777754,0.018488798022609318,0.015251246537145926,0.013018428297086547,0.016876687440763986,0.015694477374525388,0.021774265937163483,0.020014235455973514,0.48027207023869695
0.1726717376641928,-0.16292077123763432,0.4237153698125011,0.030317374852063317,0.37826667898072786,-0.09884282069138725,0.5126801272780512,0.22895435089581054,0.03561515375542401,0.03286914535577126,0.03089362681557053,0.033561276401856285,0.032690477091111704,0.03957011008032887,0.0372773661835278,0.540135544956681
